graph,frame,class,inclusive_weight_ns,inclusive_seconds,inclusive_pct,self_weight_ns,self_seconds,self_pct,graph_total_weight_ns,graph_total_seconds
e3-1a,python3,cpython,46424241960,46.4242,99.9348,0,0.0,0.0,46454544990,46.455
e3-1a,_PyEval_EvalFrameDefault,cpython,11434343320,11.4343,24.614,2757575730,2.7576,5.9361,46454544990,46.455
e3-1a,[unknown],shared-lib,10686868580,10.6869,23.005,0,0.0,0.0,46454544990,46.455
e3-1a,[libc.so.6],shared-lib,4717171670,4.7172,10.1544,4626262580,4.6263,9.9587,46454544990,46.455
e3-1a,"<core::iter::adapters::map::Map<I,F> as core::iter::traits::iterator::Iterator>::fold",rust-stdlib-or-dep,3242424210,3.2424,6.9798,2797979770,2.798,6.023,46454544990,46.455
e3-1a,core::hash::BuildHasher::hash_one,rust-stdlib-or-dep,2787878760,2.7879,6.0013,2787878760,2.7879,6.0013,46454544990,46.455
e3-1a,"<alloc::vec::Vec<T> as alloc::vec::spec_from_iter_nested::SpecFromIterNested<T,I>>::from_iter",rust-stdlib-or-dep,2636363610,2.6364,5.6751,1151515140,1.1515,2.4788,46454544990,46.455
e3-1a,_PyObject_VectorcallTstate,cpython,1717171700,1.7172,3.6965,90909090,0.0909,0.1957,46454544990,46.455
e3-1a,Py_INCREF,cpython,1616161600,1.6162,3.479,1616161600,1.6162,3.479,46454544990,46.455
e3-1a,match_at,other,1595959580,1.596,3.4355,1575757560,1.5758,3.392,46454544990,46.455
e3-1a,"<core::iter::adapters::flatten::FlatMap<I,U,F> as core::iter::traits::iterator::Iterator>::next",rust-stdlib-or-dep,1484848470,1.4848,3.1963,1393939380,1.3939,3.0007,46454544990,46.455
e3-1a,"hashbrown::map::HashMap<K,V,S,A>::insert",rust-stdlib-or-dep,1383838370,1.3838,2.9789,1383838370,1.3838,2.9789,46454544990,46.455
e3-1a,PyObject_Vectorcall,cpython,1353535340,1.3535,2.9137,30303030,0.0303,0.0652,46454544990,46.455
e3-1a,"hashbrown::raw::RawTable<T,A>::reserve_rehash",rust-stdlib-or-dep,1323232310,1.3232,2.8484,1323232310,1.3232,2.8484,46454544990,46.455
e3-1a,search_in_range.part.0,other,1121212110,1.1212,2.4136,121212120,0.1212,0.2609,46454544990,46.455
e3-1a,Py_DECREF,cpython,1101010090,1.101,2.3701,393939390,0.3939,0.848,46454544990,46.455
e3-1a,tokenizers::tokenizer::normalizer::NormalizedString::transform_range,rust-tokenizers,1080808070,1.0808,2.3266,696969690,0.697,1.5003,46454544990,46.455
e3-1a,"<alloc::vec::into_iter::IntoIter<T,A> as core::iter::traits::iterator::Iterator>::fold",rust-stdlib-or-dep,989898980,0.9899,2.1309,989898980,0.9899,2.1309,46454544990,46.455
e3-1a,"tokenizers::utils::cache::Cache<K,V>::get",rust-tokenizers,989898980,0.9899,2.1309,979797970,0.9798,2.1092,46454544990,46.455
e3-1a,PyObject_GetAttr,cpython,919191910,0.9192,1.9787,10101010,0.0101,0.0217,46454544990,46.455
e3-1a,<tokenizers::models::ModelWrapper as tokenizers::tokenizer::Model>::id_to_token,rust-tokenizers,838383830,0.8384,1.8047,737373730,0.7374,1.5873,46454544990,46.455
e3-1a,tokenizers::tokenizer::normalizer::NormalizedString::slice,rust-tokenizers,828282820,0.8283,1.783,747474740,0.7475,1.609,46454544990,46.455
e3-1a,<unicode_normalization_alignments::decompose::Decompositions<I> as core::iter::traits::iterator::Iterator>::next,other,828282820,0.8283,1.783,818181810,0.8182,1.7613,46454544990,46.455
e3-1a,tokenizers::tokenizer::pre_tokenizer::BytesToCharOffsetConverter::convert,rust-tokenizers,828282820,0.8283,1.783,828282820,0.8283,1.783,46454544990,46.455
e3-1a,Py_XDECREF,cpython,818181810,0.8182,1.7613,90909090,0.0909,0.1957,46454544990,46.455
e3-1a,_PyObject_GenericGetAttrWithDict,cpython,787878780,0.7879,1.696,50505050,0.0505,0.1087,46454544990,46.455
e3-1a,_PyObject_Malloc,cpython,727272720,0.7273,1.5656,0,0.0,0.0,46454544990,46.455
e3-1a,unicode_normalization_alignments::lookups::canonical_combining_class,other,696969690,0.697,1.5003,696969690,0.697,1.5003,46454544990,46.455
e3-1a,_PyObject_MakeTpCall,cpython,696969690,0.697,1.5003,10101010,0.0101,0.0217,46454544990,46.455
e3-1a,core::iter::adapters::flatten::and_then_or_clear,rust-stdlib-or-dep,686868680,0.6869,1.4786,666666660,0.6667,1.4351,46454544990,46.455
e3-1a,tokenizers::tokenizer::normalizer::NormalizedString::convert_offsets,rust-tokenizers,686868680,0.6869,1.4786,686868680,0.6869,1.4786,46454544990,46.455
e3-1a,<core::hash::sip::Hasher<S> as core::hash::Hasher>::write,rust-stdlib-or-dep,646464640,0.6465,1.3916,646464640,0.6465,1.3916,46454544990,46.455
e3-1a,_PyEval_Vector,cpython,646464640,0.6465,1.3916,10101010,0.0101,0.0217,46454544990,46.455
e3-1a,malloc,libc-alloc-mem,636363630,0.6364,1.3699,383838380,0.3838,0.8263,46454544990,46.455
e3-1a,"<alloc::vec::Vec<T,A> as alloc::vec::spec_extend::SpecExtend<T,I>>::spec_extend",rust-stdlib-or-dep,606060600,0.6061,1.3046,595959590,0.596,1.2829,46454544990,46.455
e3-1a,pymalloc_alloc,other,595959590,0.596,1.2829,565656560,0.5657,1.2177,46454544990,46.455
e3-1a,_PyObject_Free,cpython,565656560,0.5657,1.2177,10101010,0.0101,0.0217,46454544990,46.455
e3-1a,_PyEvalFramePushAndInit,cpython,565656560,0.5657,1.2177,30303030,0.0303,0.0652,46454544990,46.455
e3-1a,alloc::raw_vec::RawVecInner<A>::finish_grow,rust-stdlib-or-dep,555555550,0.5556,1.1959,313131310,0.3131,0.6741,46454544990,46.455
e3-1a,_PyRuntime,cpython,555555550,0.5556,1.1959,0,0.0,0.0,46454544990,46.455
e3-1a,tokenizers::tokenizer::pre_tokenizer::PreTokenizedString::into_encoding,rust-tokenizers,545454540,0.5455,1.1742,535353530,0.5354,1.1524,46454544990,46.455
e3-1a,initialize_locals,other,484848480,0.4848,1.0437,313131310,0.3131,0.6741,46454544990,46.455
e3-1a,_PyEvalFrameClearAndPop,cpython,474747470,0.4747,1.022,30303030,0.0303,0.0652,46454544990,46.455
e3-1a,<tokenizers::models::bpe::model::BPE as tokenizers::tokenizer::Model>::tokenize,rust-tokenizers,454545450,0.4545,0.9785,141414140,0.1414,0.3044,46454544990,46.455
e3-1a,alloc::raw_vec::RawVecInner<A>::reserve::do_reserve_and_handle,rust-stdlib-or-dep,434343430,0.4343,0.935,313131310,0.3131,0.6741,46454544990,46.455
e3-1a,pymalloc_free,other,434343430,0.4343,0.935,60606060,0.0606,0.1305,46454544990,46.455
e3-1a,"<alloc::vec::splice::Splice<I,A> as core::ops::drop::Drop>::drop",rust-stdlib-or-dep,424242420,0.4242,0.9132,424242420,0.4242,0.9132,46454544990,46.455
e3-1a,cfree,libc-alloc-mem,414141410,0.4141,0.8915,282828280,0.2828,0.6088,46454544990,46.455
e3-1a,clear_thread_frame,other,414141410,0.4141,0.8915,30303030,0.0303,0.0652,46454544990,46.455
e3-1a,pyo3::conversion::IntoPyObject::owned_sequence_into_pyobject,cpython,404040400,0.404,0.8698,30303030,0.0303,0.0652,46454544990,46.455
e3-1a,_PyType_Lookup,cpython,393939390,0.3939,0.848,191919190,0.1919,0.4131,46454544990,46.455
e3-1a,dict_dealloc,other,393939390,0.3939,0.848,30303030,0.0303,0.0652,46454544990,46.455
e3-1a,_PyObject_Call,cpython,393939390,0.3939,0.848,0,0.0,0.0,46454544990,46.455
e3-1a,list_dealloc,other,383838380,0.3838,0.8263,40404040,0.0404,0.087,46454544990,46.455
e3-1a,_PyFrame_ClearExceptCode,cpython,383838380,0.3838,0.8263,20202020,0.0202,0.0435,46454544990,46.455
e3-1a,realloc,libc-alloc-mem,373737370,0.3737,0.8045,191919190,0.1919,0.4131,46454544990,46.455
e3-1a,tokenizers::tokenizer::pre_tokenizer::PreTokenizedString::normalize,rust-tokenizers,363636360,0.3636,0.7828,363636360,0.3636,0.7828,46454544990,46.455
e3-1a,pyo3::conversions::std::num::<impl pyo3::conversion::IntoPyObject for u32>::into_pyobject,cpython,363636360,0.3636,0.7828,30303030,0.0303,0.0652,46454544990,46.455
e3-1a,_Py_dict_lookup,cpython,363636360,0.3636,0.7828,212121210,0.2121,0.4566,46454544990,46.455
e3-1a,tokenizers::tokenizer::pre_tokenizer::PreTokenizedString::split,rust-tokenizers,363636360,0.3636,0.7828,343434340,0.3434,0.7393,46454544990,46.455
e3-1a,PyLong_FromLong,cpython,343434340,0.3434,0.7393,60606060,0.0606,0.1305,46454544990,46.455
e3-1a,_Py_NewRef,cpython,343434340,0.3434,0.7393,0,0.0,0.0,46454544990,46.455
e3-1a,type_call,other,343434340,0.3434,0.7393,20202020,0.0202,0.0435,46454544990,46.455
e3-1a,_PyFunction_Vectorcall,cpython,343434340,0.3434,0.7393,343434340,0.3434,0.7393,46454544990,46.455
e3-1a,tupledealloc,other,333333330,0.3333,0.7175,60606060,0.0606,0.1305,46454544990,46.455
e3-1a,_PyLong_FromMedium,cpython,323232320,0.3232,0.6958,20202020,0.0202,0.0435,46454544990,46.455
e3-1a,arena_map_is_used,other,323232320,0.3232,0.6958,131313130,0.1313,0.2827,46454544990,46.455
e3-1a,address_in_range,other,323232320,0.3232,0.6958,0,0.0,0.0,46454544990,46.455
e3-1a,unicode_normalization_alignments::normalize::compose,other,303030300,0.303,0.6523,303030300,0.303,0.6523,46454544990,46.455
e3-1a,tokenizers::tokenizer::added_vocabulary::AddedVocabulary::is_special_token,rust-tokenizers,292929290,0.2929,0.6306,242424240,0.2424,0.5219,46454544990,46.455
e3-1a,dictkeys_decref,other,292929290,0.2929,0.6306,0,0.0,0.0,46454544990,46.455
e3-1a,free_keys_object,other,282828280,0.2828,0.6088,0,0.0,0.0,46454544990,46.455
e3-1a,method_vectorcall_VARARGS_KEYWORDS,other,262626260,0.2626,0.5653,10101010,0.0101,0.0217,46454544990,46.455
e3-1a,PyDict_GetItemWithError,cpython,252525250,0.2525,0.5436,50505050,0.0505,0.1087,46454544990,46.455
e3-1a,py_trampoline_evaluator,other,252525250,0.2525,0.5436,90909090,0.0909,0.1957,46454544990,46.455
e3-1a,<tokenizers::models::PyModel as tokenizers::tokenizer::Model>::id_to_token,rust-tokenizers,242424240,0.2424,0.5219,232323230,0.2323,0.5001,46454544990,46.455
e3-1a,"alloc::vec::in_place_collect::<impl alloc::vec::spec_from_iter::SpecFromIter<T,I> for alloc::vec::Vec<T>>::from_iter",rust-stdlib-or-dep,242424240,0.2424,0.5219,232323230,0.2323,0.5001,46454544990,46.455
e3-1a,<alloc::string::String as core::clone::Clone>::clone,rust-stdlib-or-dep,232323230,0.2323,0.5001,101010100,0.101,0.2174,46454544990,46.455
e3-1a,PyUnicode_New,cpython,232323230,0.2323,0.5001,50505050,0.0505,0.1087,46454544990,46.455
e3-1a,_Py_slot_tp_getattr_hook,cpython,222222220,0.2222,0.4784,10101010,0.0101,0.0217,46454544990,46.455
e3-1a,subtype_dealloc,other,222222220,0.2222,0.4784,40404040,0.0404,0.087,46454544990,46.455
e3-1a,_PyVectorcall_Call,cpython,222222220,0.2222,0.4784,0,0.0,0.0,46454544990,46.455
e3-1a,core::ops::function::impls::<impl core::ops::function::FnMut<A> for &mut F>::call_mut,rust-stdlib-or-dep,212121210,0.2121,0.4566,80808080,0.0808,0.174,46454544990,46.455
e3-1a,get_state,other,212121210,0.2121,0.4566,0,0.0,0.0,46454544990,46.455
e3-1a,__tls_get_addr,other,212121210,0.2121,0.4566,212121210,0.2121,0.4566,46454544990,46.455
e3-1a,encoder_call,other,212121210,0.2121,0.4566,10101010,0.0101,0.0217,46454544990,46.455
e3-1a,tokenizers::tokenizer::added_vocabulary::AddedVocabulary::simple_id_to_token,rust-tokenizers,212121210,0.2121,0.4566,212121210,0.2121,0.4566,46454544990,46.455
e3-1a,aho_corasick::automaton::try_find_fwd,rust-stdlib-or-dep,202020200,0.202,0.4349,202020200,0.202,0.4349,46454544990,46.455
e3-1a,arena_map_get,other,191919190,0.1919,0.4131,191919190,0.1919,0.4131,46454544990,46.455
e3-1a,PyUnicode_Concat,cpython,191919190,0.1919,0.4131,10101010,0.0101,0.0217,46454544990,46.455
e3-1a,encoder_listencode_dict,other,191919190,0.1919,0.4131,10101010,0.0101,0.0217,46454544990,46.455
e3-1a,encoder_encode_key_value,other,191919190,0.1919,0.4131,0,0.0,0.0,46454544990,46.455
e3-1a,encoder_listencode_obj,other,191919190,0.1919,0.4131,0,0.0,0.0,46454544990,46.455
e3-1a,_Py_type_getattro_impl,cpython,181818180,0.1818,0.3914,0,0.0,0.0,46454544990,46.455
e3-1a,_PyObject_LookupAttr,cpython,181818180,0.1818,0.3914,0,0.0,0.0,46454544990,46.455
e3-1a,PyObject_GetIter,cpython,181818180,0.1818,0.3914,30303030,0.0303,0.0652,46454544990,46.455
e3-1a,lookup_maybe_method,other,181818180,0.1818,0.3914,30303030,0.0303,0.0652,46454544990,46.455
e3-1a,__rustc::__rdl_alloc,other,171717170,0.1717,0.3696,171717170,0.1717,0.3696,46454544990,46.455
e3-1a,PyObject_SetAttr,cpython,171717170,0.1717,0.3696,10101010,0.0101,0.0217,46454544990,46.455
e3-1a,_PyInterpreterState_GET,cpython,161616160,0.1616,0.3479,121212120,0.1212,0.2609,46454544990,46.455
e3-1a,gc_alloc,other,161616160,0.1616,0.3479,0,0.0,0.0,46454544990,46.455
e3-1a,_PyCode_GetExtra,cpython,161616160,0.1616,0.3479,10101010,0.0101,0.0217,46454544990,46.455
e3-1a,PyObject_CallOneArg,cpython,161616160,0.1616,0.3479,0,0.0,0.0,46454544990,46.455
e3-1a,Py_TYPE,cpython,161616160,0.1616,0.3479,161616160,0.1616,0.3479,46454544990,46.455
e3-1a,PyErr_Format,cpython,161616160,0.1616,0.3479,0,0.0,0.0,46454544990,46.455
e3-1a,_PyErr_FormatV,cpython,161616160,0.1616,0.3479,0,0.0,0.0,46454544990,46.455
e3-1a,unicode_subscript,other,161616160,0.1616,0.3479,30303030,0.0303,0.0652,46454544990,46.455
e3-1a,__rustc::__rdl_realloc,other,151515150,0.1515,0.3262,151515150,0.1515,0.3262,46454544990,46.455
e3-1a,<tokenizers::pre_tokenizers::byte_level::ByteLevel as tokenizers::tokenizer::Decoder>::decode_chain,rust-tokenizers,151515150,0.1515,0.3262,50505050,0.0505,0.1087,46454544990,46.455
e3-1a,unicodekeys_lookup_unicode,other,151515150,0.1515,0.3262,151515150,0.1515,0.3262,46454544990,46.455
e3-1a,PyUnstable_Code_GetExtra,cpython,151515150,0.1515,0.3262,151515150,0.1515,0.3262,46454544990,46.455
e3-1a,_PyErr_SetObject,cpython,151515150,0.1515,0.3262,30303030,0.0303,0.0652,46454544990,46.455
e3-1a,find_name_in_mro,other,151515150,0.1515,0.3262,0,0.0,0.0,46454544990,46.455
e3-1a,_PyObject_FreeInstanceAttributes,cpython,151515150,0.1515,0.3262,10101010,0.0101,0.0217,46454544990,46.455
e3-1a,_PyObject_Call_Prepend,cpython,151515150,0.1515,0.3262,10101010,0.0101,0.0217,46454544990,46.455
e3-1a,slot_tp_init,other,151515150,0.1515,0.3262,0,0.0,0.0,46454544990,46.455
e3-1a,_PySuper_Lookup,cpython,151515150,0.1515,0.3262,0,0.0,0.0,46454544990,46.455
e3-1a,unicode_normalization_alignments::lookups::canonical_fully_decomposed,other,151515150,0.1515,0.3262,151515150,0.1515,0.3262,46454544990,46.455
e3-1a,unicode_normalization_alignments::decompose::Decompositions<I>::push_back,other,141414140,0.1414,0.3044,141414140,0.1414,0.3044,46454544990,46.455
e3-1a,_PyObject_GC_New,cpython,141414140,0.1414,0.3044,0,0.0,0.0,46454544990,46.455
e3-1a,method_vectorcall,other,141414140,0.1414,0.3044,10101010,0.0101,0.0217,46454544990,46.455
e3-1a,_PyObject_FastCallDictTstate,cpython,141414140,0.1414,0.3044,0,0.0,0.0,46454544990,46.455
e3-1a,do_super_lookup,other,141414140,0.1414,0.3044,0,0.0,0.0,46454544990,46.455
e3-1a,_super_lookup_descr,other,141414140,0.1414,0.3044,0,0.0,0.0,46454544990,46.455
e3-1a,_abc__abc_instancecheck,other,141414140,0.1414,0.3044,10101010,0.0101,0.0217,46454544990,46.455
e3-1a,"alloc::raw_vec::RawVec<T,A>::grow_one",rust-stdlib-or-dep,131313130,0.1313,0.2827,60606060,0.0606,0.1305,46454544990,46.455
e3-1a,has_own_state,other,131313130,0.1313,0.2827,90909090,0.0909,0.1957,46454544990,46.455
e3-1a,_PyObject_GenericSetAttrWithDict,cpython,131313130,0.1313,0.2827,10101010,0.0101,0.0217,46454544990,46.455
e3-1a,_PyObject_GetMethod,cpython,131313130,0.1313,0.2827,0,0.0,0.0,46454544990,46.455
e3-1a,_abc__abc_instancecheck_impl,other,131313130,0.1313,0.2827,0,0.0,0.0,46454544990,46.455
e3-1a,_PyDict_GetItem_KnownHash,cpython,121212120,0.1212,0.2609,10101010,0.0101,0.0217,46454544990,46.455
e3-1a,_Py_module_getattro_impl,cpython,121212120,0.1212,0.2609,0,0.0,0.0,46454544990,46.455
e3-1a,_Py_type_getattro,cpython,121212120,0.1212,0.2609,0,0.0,0.0,46454544990,46.455
e3-1a,pyo3::conversions::std::num::<impl pyo3::conversion::FromPyObject for u32>::extract_bound,cpython,111111110,0.1111,0.2392,60606060,0.0606,0.1305,46454544990,46.455
e3-1a,_Py_module_getattro,cpython,111111110,0.1111,0.2392,0,0.0,0.0,46454544990,46.455
e3-1a,_PyDict_FromItems,cpython,111111110,0.1111,0.2392,50505050,0.0505,0.1087,46454544990,46.455
e3-1a,lookup_method,other,111111110,0.1111,0.2392,0,0.0,0.0,46454544990,46.455
e3-1a,"tokenizers::tokenizer::TokenizerImpl<M,N,PT,PP,D>::decode",rust-tokenizers,111111110,0.1111,0.2392,70707070,0.0707,0.1522,46454544990,46.455
e3-1a,onig_is_in_code_range,other,111111110,0.1111,0.2392,111111110,0.1111,0.2392,46454544990,46.455
e3-1a,<tokenizers::pre_tokenizers::PyPreTokenizerTypeWrapper as tokenizers::tokenizer::PreTokenizer>::pre_tokenize,rust-tokenizers,101010100,0.101,0.2174,10101010,0.0101,0.0217,46454544990,46.455
e3-1a,__rustc::__rust_alloc,other,101010100,0.101,0.2174,101010100,0.101,0.2174,46454544990,46.455
e3-1a,pyo3::types::string::<impl pyo3::instance::Borrowed<pyo3::types::string::PyString>>::to_cow,cpython,101010100,0.101,0.2174,0,0.0,0.0,46454544990,46.455
e3-1a,pyo3::err::PyErr::take,cpython,101010100,0.101,0.2174,0,0.0,0.0,46454544990,46.455
e3-1a,unicode_encode_utf8,other,101010100,0.101,0.2174,10101010,0.0101,0.0217,46454544990,46.455
e3-1a,PyUnicode_FromFormatV,cpython,101010100,0.101,0.2174,0,0.0,0.0,46454544990,46.455
e3-1a,_PyObject_GC_TRACK,cpython,101010100,0.101,0.2174,30303030,0.0303,0.0652,46454544990,46.455
e3-1a,PyObject_GC_UnTrack,cpython,101010100,0.101,0.2174,50505050,0.0505,0.1087,46454544990,46.455
e3-1a,vectorcall_method,other,101010100,0.101,0.2174,0,0.0,0.0,46454544990,46.455
e3-1a,_PyEval_SliceIndex,cpython,101010100,0.101,0.2174,10101010,0.0101,0.0217,46454544990,46.455
e3-1a,PySlice_Unpack,cpython,101010100,0.101,0.2174,0,0.0,0.0,46454544990,46.455
e3-1a,pyo3::impl_::extract_argument::extract_argument,other,101010100,0.101,0.2174,30303030,0.0303,0.0652,46454544990,46.455
e3-1a,"<alloc::vec::Vec<T> as alloc::vec::spec_from_iter::SpecFromIter<T,I>>::from_iter",rust-stdlib-or-dep,90909090,0.0909,0.1957,80808080,0.0808,0.174,46454544990,46.455
e3-1a,<tokenizers::models::PyModel as tokenizers::tokenizer::Model>::tokenize,rust-tokenizers,90909090,0.0909,0.1957,80808080,0.0808,0.174,46454544990,46.455
e3-1a,asm_sysvec_apic_timer_interrupt_[k],other,90909090,0.0909,0.1957,0,0.0,0.0,46454544990,46.455
e3-1a,_Py_NewReference,cpython,90909090,0.0909,0.1957,70707070,0.0707,0.1522,46454544990,46.455
e3-1a,_PyErr_CreateException,cpython,90909090,0.0909,0.1957,0,0.0,0.0,46454544990,46.455
e3-1a,object_isinstance,other,90909090,0.0909,0.1957,10101010,0.0101,0.0217,46454544990,46.455
e3-1a,_PyObject_GC_UNTRACK,cpython,90909090,0.0909,0.1957,0,0.0,0.0,46454544990,46.455
e3-1a,list_vectorcall,other,90909090,0.0909,0.1957,10101010,0.0101,0.0217,46454544990,46.455
e3-1a,PyNumber_AsSsize_t,cpython,90909090,0.0909,0.1957,10101010,0.0101,0.0217,46454544990,46.455
e3-1a,sysvec_apic_timer_interrupt_[k],other,80808080,0.0808,0.174,0,0.0,0.0,46454544990,46.455
e3-1a,__irq_exit_rcu_[k],other,80808080,0.0808,0.174,0,0.0,0.0,46454544990,46.455
e3-1a,handle_softirqs_[k],other,80808080,0.0808,0.174,80808080,0.0808,0.174,46454544990,46.455
e3-1a,<tokenizers::normalizers::PyNormalizerWrapper as tokenizers::tokenizer::Normalizer>::normalize,rust-tokenizers,80808080,0.0808,0.174,0,0.0,0.0,46454544990,46.455
e3-1a,<core::str::lossy::Utf8Chunks as core::iter::traits::iterator::Iterator>::next,rust-stdlib-or-dep,80808080,0.0808,0.174,80808080,0.0808,0.174,46454544990,46.455
e3-1a,__rustc::__rust_dealloc,other,80808080,0.0808,0.174,80808080,0.0808,0.174,46454544990,46.455
e3-1a,_PyObject_Init,cpython,80808080,0.0808,0.174,60606060,0.0606,0.1305,46454544990,46.455
e3-1a,ucs2lib_utf8_encoder,other,80808080,0.0808,0.174,70707070,0.0707,0.1522,46454544990,46.455
e3-1a,vgetargskeywords,other,80808080,0.0808,0.174,70707070,0.0707,0.1522,46454544990,46.455
e3-1a,unicode_decode_utf8,other,80808080,0.0808,0.174,10101010,0.0101,0.0217,46454544990,46.455
e3-1a,PyType_IsSubtype,cpython,80808080,0.0808,0.174,80808080,0.0808,0.174,46454544990,46.455
e3-1a,dict_vectorcall,other,80808080,0.0808,0.174,10101010,0.0101,0.0217,46454544990,46.455
e3-1a,list_extend,other,80808080,0.0808,0.174,10101010,0.0101,0.0217,46454544990,46.455
e3-1a,dict_merge,other,80808080,0.0808,0.174,10101010,0.0101,0.0217,46454544990,46.455
e3-1a,mbc_enc_len,other,80808080,0.0808,0.174,80808080,0.0808,0.174,46454544990,46.455
e3-1a,tokenizers::tokenizer::step_decode_stream,rust-tokenizers,80808080,0.0808,0.174,80808080,0.0808,0.174,46454544990,46.455
e3-1a,<alloc::string::String as core::iter::traits::collect::FromIterator<char>>::from_iter,rust-stdlib-or-dep,70707070,0.0707,0.1522,60606060,0.0606,0.1305,46454544990,46.455
e3-1a,PyObject_GC_Del,cpython,70707070,0.0707,0.1522,50505050,0.0505,0.1087,46454544990,46.455
e3-1a,unicode_fromformat_arg,other,70707070,0.0707,0.1522,20202020,0.0202,0.0435,46454544990,46.455
e3-1a,_PyObject_GetInstanceAttribute,cpython,70707070,0.0707,0.1522,10101010,0.0101,0.0217,46454544990,46.455
e3-1a,PyObject_RichCompare,cpython,70707070,0.0707,0.1522,0,0.0,0.0,46454544990,46.455
e3-1a,insertdict,other,70707070,0.0707,0.1522,0,0.0,0.0,46454544990,46.455
e3-1a,_PyVectorcall_FunctionInline,cpython,70707070,0.0707,0.1522,70707070,0.0707,0.1522,46454544990,46.455
e3-1a,_PyGCHead_SET_PREV,cpython,70707070,0.0707,0.1522,70707070,0.0707,0.1522,46454544990,46.455
e3-1a,PyArg_ParseTupleAndKeywords,cpython,70707070,0.0707,0.1522,10101010,0.0101,0.0217,46454544990,46.455
e3-1a,_PyLong_Subtract,cpython,70707070,0.0707,0.1522,0,0.0,0.0,46454544990,46.455
e3-1a,slot_tp_call,other,70707070,0.0707,0.1522,10101010,0.0101,0.0217,46454544990,46.455
e3-1a,_PyStack_UnpackDict_Free,cpython,70707070,0.0707,0.1522,10101010,0.0101,0.0217,46454544990,46.455
e3-1a,vectorcall_unbound,other,70707070,0.0707,0.1522,0,0.0,0.0,46454544990,46.455
e3-1a,_PyObject_CallNoArgs,cpython,70707070,0.0707,0.1522,0,0.0,0.0,46454544990,46.455
e3-1a,builtin_hasattr,other,70707070,0.0707,0.1522,0,0.0,0.0,46454544990,46.455
e3-1a,builtin_hasattr_impl,other,70707070,0.0707,0.1522,0,0.0,0.0,46454544990,46.455
e3-1a,list___init___impl,other,70707070,0.0707,0.1522,0,0.0,0.0,46454544990,46.455
e3-1a,pyo3::types::sequence::<impl pyo3::conversion::FromPyObject for alloc::vec::Vec<T>>::extract_bound,cpython,70707070,0.0707,0.1522,30303030,0.0303,0.0652,46454544990,46.455
e3-1a,PyList_New,cpython,60606060,0.0606,0.1305,10101010,0.0101,0.0217,46454544990,46.455
e3-1a,PyType_HasFeature,cpython,60606060,0.0606,0.1305,60606060,0.0606,0.1305,46454544990,46.455
e3-1a,<tokenizers::decoders::PyDecoderWrapper as tokenizers::tokenizer::Decoder>::decode_chain,rust-tokenizers,60606060,0.0606,0.1305,60606060,0.0606,0.1305,46454544990,46.455
e3-1a,__rustc::__rust_no_alloc_shim_is_unstable_v2,other,60606060,0.0606,0.1305,60606060,0.0606,0.1305,46454544990,46.455
e3-1a,alloc::str::join_generic_copy,rust-stdlib-or-dep,60606060,0.0606,0.1305,60606060,0.0606,0.1305,46454544990,46.455
e3-1a,tokenizers::tokenizer::Decoder::decode,rust-tokenizers,60606060,0.0606,0.1305,20202020,0.0202,0.0435,46454544990,46.455
e3-1a,_PyTuple_FromArray,cpython,60606060,0.0606,0.1305,20202020,0.0202,0.0435,46454544990,46.455
e3-1a,slot_tp_iter,other,60606060,0.0606,0.1305,0,0.0,0.0,46454544990,46.455
e3-1a,PyObject_IsTrue,cpython,60606060,0.0606,0.1305,40404040,0.0404,0.087,46454544990,46.455
e3-1a,do_richcompare,other,60606060,0.0606,0.1305,20202020,0.0202,0.0435,46454544990,46.455
e3-1a,PyObject_RichCompareBool,cpython,60606060,0.0606,0.1305,10101010,0.0101,0.0217,46454544990,46.455
e3-1a,PyObject_TypeCheck,cpython,60606060,0.0606,0.1305,0,0.0,0.0,46454544990,46.455
e3-1a,PyType_GenericAlloc,cpython,60606060,0.0606,0.1305,10101010,0.0101,0.0217,46454544990,46.455
e3-1a,lock_PyThread_acquire_lock,cpython,60606060,0.0606,0.1305,10101010,0.0101,0.0217,46454544990,46.455
e3-1a,_PyUnicode_JoinArray,cpython,60606060,0.0606,0.1305,30303030,0.0303,0.0652,46454544990,46.455
e3-1a,insert_to_emptydict,other,60606060,0.0606,0.1305,10101010,0.0101,0.0217,46454544990,46.455
e3-1a,_PyErr_SetKeyError,cpython,60606060,0.0606,0.1305,0,0.0,0.0,46454544990,46.455
e3-1a,slot_mp_subscript,other,60606060,0.0606,0.1305,0,0.0,0.0,46454544990,46.455
e3-1a,_get_impl,other,60606060,0.0606,0.1305,10101010,0.0101,0.0217,46454544990,46.455
e3-1a,slot_sq_contains,other,60606060,0.0606,0.1305,0,0.0,0.0,46454544990,46.455
e3-1a,pyo3::conversions::std::string::<impl pyo3::conversion::IntoPyObject for alloc::string::String>::into_pyobject,cpython,60606060,0.0606,0.1305,10101010,0.0101,0.0217,46454544990,46.455
e3-1a,tokenizers::utils::onig::<impl tokenizers::tokenizer::pattern::Pattern for &onig::Regex>::find_matches,rust-tokenizers,60606060,0.0606,0.1305,60606060,0.0606,0.1305,46454544990,46.455
e3-1a,__rustc::__rdl_dealloc,other,50505050,0.0505,0.1087,50505050,0.0505,0.1087,46454544990,46.455
e3-1a,AttributeError_dealloc,other,50505050,0.0505,0.1087,10101010,0.0101,0.0217,46454544990,46.455
e3-1a,BaseException_dealloc,other,50505050,0.0505,0.1087,0,0.0,0.0,46454544990,46.455
e3-1a,binary_op,other,50505050,0.0505,0.1087,0,0.0,0.0,46454544990,46.455
e3-1a,binary_op1,other,50505050,0.0505,0.1087,0,0.0,0.0,46454544990,46.455
e3-1a,_PyUnicodeWriter_WriteStr,cpython,50505050,0.0505,0.1087,10101010,0.0101,0.0217,46454544990,46.455
e3-1a,_copy_characters,other,50505050,0.0505,0.1087,50505050,0.0505,0.1087,46454544990,46.455
e3-1a,pymalloc_realloc,other,50505050,0.0505,0.1087,0,0.0,0.0,46454544990,46.455
e3-1a,_PyObject_Realloc,cpython,50505050,0.0505,0.1087,0,0.0,0.0,46454544990,46.455
e3-1a,_PyLong_CompactValue,cpython,50505050,0.0505,0.1087,50505050,0.0505,0.1087,46454544990,46.455
e3-1a,PyDict_SetItem,cpython,50505050,0.0505,0.1087,20202020,0.0202,0.0435,46454544990,46.455
e3-1a,lock_acquire_parse_args,other,50505050,0.0505,0.1087,0,0.0,0.0,46454544990,46.455
e3-1a,PyUnicode_Join,cpython,50505050,0.0505,0.1087,10101010,0.0101,0.0217,46454544990,46.455
e3-1a,_PyObject_GC_MAY_BE_TRACKED,cpython,50505050,0.0505,0.1087,20202020,0.0202,0.0435,46454544990,46.455
e3-1a,_PyLong_FromSTwoDigits,cpython,50505050,0.0505,0.1087,0,0.0,0.0,46454544990,46.455
e3-1a,Py_XINCREF,cpython,50505050,0.0505,0.1087,40404040,0.0404,0.087,46454544990,46.455
e3-1a,new_keys_object,other,50505050,0.0505,0.1087,30303030,0.0303,0.0652,46454544990,46.455
e3-1a,_PyDict_Next,cpython,50505050,0.0505,0.1087,50505050,0.0505,0.1087,46454544990,46.455
e3-1a,defdict_init,other,50505050,0.0505,0.1087,0,0.0,0.0,46454544990,46.455
e3-1a,lookup_tp_dict,other,50505050,0.0505,0.1087,50505050,0.0505,0.1087,46454544990,46.455
e3-1a,PyImport_ImportModuleLevelObject,cpython,50505050,0.0505,0.1087,0,0.0,0.0,46454544990,46.455
e3-1a,import_name,other,50505050,0.0505,0.1087,0,0.0,0.0,46454544990,46.455
e3-1a,pyo3::types::iterator::<impl pyo3::instance::Borrowed<pyo3::types::iterator::PyIterator>>::next,cpython,50505050,0.0505,0.1087,10101010,0.0101,0.0217,46454544990,46.455
e3-1a,mbc_to_code,other,50505050,0.0505,0.1087,50505050,0.0505,0.1087,46454544990,46.455
e3-1a,memchr::arch::x86_64::memchr::memchr_raw::find_avx2,rust-stdlib-or-dep,50505050,0.0505,0.1087,0,0.0,0.0,46454544990,46.455
e3-1a,<onig::find::FindMatches as core::iter::traits::iterator::Iterator>::next,rust-stdlib-or-dep,40404040,0.0404,0.087,40404040,0.0404,0.087,46454544990,46.455
e3-1a,alloc::string::String::from_utf8_lossy,rust-stdlib-or-dep,40404040,0.0404,0.087,40404040,0.0404,0.087,46454544990,46.455
e3-1a,_PyInterpreterState_Main,cpython,40404040,0.0404,0.087,40404040,0.0404,0.087,46454544990,46.455
e3-1a,_Py_IsMainInterpreter,cpython,40404040,0.0404,0.087,0,0.0,0.0,46454544990,46.455
e3-1a,tb_dealloc,other,40404040,0.0404,0.087,0,0.0,0.0,46454544990,46.455
e3-1a,frame_dealloc,other,40404040,0.0404,0.087,10101010,0.0101,0.0217,46454544990,46.455
e3-1a,PyCell_New,cpython,40404040,0.0404,0.087,0,0.0,0.0,46454544990,46.455
e3-1a,PyMethod_New,cpython,40404040,0.0404,0.087,10101010,0.0101,0.0217,46454544990,46.455
e3-1a,_PyUnicodeWriter_PrepareInternal,cpython,40404040,0.0404,0.087,10101010,0.0101,0.0217,46454544990,46.455
e3-1a,getset_get,other,40404040,0.0404,0.087,30303030,0.0303,0.0652,46454544990,46.455
e3-1a,ascii_decode,other,40404040,0.0404,0.087,40404040,0.0404,0.087,46454544990,46.455
e3-1a,unicode_dealloc,other,40404040,0.0404,0.087,40404040,0.0404,0.087,46454544990,46.455
e3-1a,list_iter,other,40404040,0.0404,0.087,10101010,0.0101,0.0217,46454544990,46.455
e3-1a,PyObject_IsInstance,cpython,40404040,0.0404,0.087,0,0.0,0.0,46454544990,46.455
e3-1a,object_recursive_isinstance,other,40404040,0.0404,0.087,10101010,0.0101,0.0217,46454544990,46.455
e3-1a,_PyEval_EvalFrame,cpython,40404040,0.0404,0.087,40404040,0.0404,0.087,46454544990,46.455
e3-1a,set_orig_class,other,40404040,0.0404,0.087,0,0.0,0.0,46454544990,46.455
e3-1a,_DK_ENTRIES,other,40404040,0.0404,0.087,40404040,0.0404,0.087,46454544990,46.455
e3-1a,DK_UNICODE_ENTRIES,other,40404040,0.0404,0.087,0,0.0,0.0,46454544990,46.455
e3-1a,PyTraceBack_Here,cpython,40404040,0.0404,0.087,0,0.0,0.0,46454544990,46.455
e3-1a,_PyBuildSlice_Consume2,cpython,40404040,0.0404,0.087,0,0.0,0.0,46454544990,46.455
e3-1a,_PyType_AllocNoTrack,cpython,40404040,0.0404,0.087,0,0.0,0.0,46454544990,46.455
e3-1a,_PyObject_GC_NewVar,cpython,40404040,0.0404,0.087,10101010,0.0101,0.0217,46454544990,46.455
e3-1a,_PyStack_UnpackDict_FreeNoDecRef,cpython,40404040,0.0404,0.087,0,0.0,0.0,46454544990,46.455
e3-1a,insert_to_usedpool,other,40404040,0.0404,0.087,40404040,0.0404,0.087,46454544990,46.455
e3-1a,_Py_XNewRef,cpython,40404040,0.0404,0.087,0,0.0,0.0,46454544990,46.455
e3-1a,escape_unicode,other,40404040,0.0404,0.087,30303030,0.0303,0.0652,46454544990,46.455
e3-1a,py_encode_basestring,other,40404040,0.0404,0.087,0,0.0,0.0,46454544990,46.455
e3-1a,builtin_next,other,40404040,0.0404,0.087,0,0.0,0.0,46454544990,46.455
e3-1a,dict_subscript,other,40404040,0.0404,0.087,0,0.0,0.0,46454544990,46.455
e3-1a,import_ensure_initialized,other,40404040,0.0404,0.087,0,0.0,0.0,46454544990,46.455
e3-1a,slice_dealloc,other,40404040,0.0404,0.087,40404040,0.0404,0.087,46454544990,46.455
e3-1a,PyBytes_FromStringAndSize,cpython,40404040,0.0404,0.087,10101010,0.0101,0.0217,46454544990,46.455
e3-1a,unicode_encode_impl,other,40404040,0.0404,0.087,0,0.0,0.0,46454544990,46.455
e3-1a,unicode_encode,other,40404040,0.0404,0.087,0,0.0,0.0,46454544990,46.455
e3-1a,onig_region_clear,other,40404040,0.0404,0.087,40404040,0.0404,0.087,46454544990,46.455
e3-1a,PyIter_Next,cpython,40404040,0.0404,0.087,30303030,0.0303,0.0652,46454544990,46.455
e3-1a,do_nanosleep_[k],other,30303030,0.0303,0.0652,0,0.0,0.0,46454544990,46.455
e3-1a,__x64_sys_clock_nanosleep_[k],other,30303030,0.0303,0.0652,0,0.0,0.0,46454544990,46.455
e3-1a,PlogFlush,other,30303030,0.0303,0.0652,0,0.0,0.0,46454544990,46.455
e3-1a,do_syscall_64_[k],other,30303030,0.0303,0.0652,0,0.0,0.0,46454544990,46.455
e3-1a,hrtimer_nanosleep_[k],other,30303030,0.0303,0.0652,0,0.0,0.0,46454544990,46.455
e3-1a,entry_SYSCALL_64_after_hwframe_[k],other,30303030,0.0303,0.0652,0,0.0,0.0,46454544990,46.455
e3-1a,common_nsleep_[k],other,30303030,0.0303,0.0652,0,0.0,0.0,46454544990,46.455
e3-1a,schedule_[k],other,30303030,0.0303,0.0652,0,0.0,0.0,46454544990,46.455
e3-1a,__schedule_[k],other,30303030,0.0303,0.0652,0,0.0,0.0,46454544990,46.455
e3-1a,finish_task_switch.isra.0_[k],other,30303030,0.0303,0.0652,30303030,0.0303,0.0652,46454544990,46.455
e3-1a,<pyo3::pybacked::PyBackedStr as pyo3::conversion::FromPyObject>::extract_bound,cpython,30303030,0.0303,0.0652,0,0.0,0.0,46454544990,46.455
e3-1a,PyList_SetItem,cpython,30303030,0.0303,0.0652,0,0.0,0.0,46454544990,46.455
e3-1a,core::ptr::drop_in_place<tokenizers::tokenizer::encoding::Encoding>,rust-stdlib-or-dep,30303030,0.0303,0.0652,10101010,0.0101,0.0217,46454544990,46.455
e3-1a,clear_gen_frame,other,30303030,0.0303,0.0652,0,0.0,0.0,46454544990,46.455
e3-1a,PyLong_AsLong,cpython,30303030,0.0303,0.0652,20202020,0.0202,0.0435,46454544990,46.455
e3-1a,BaseException_clear,other,30303030,0.0303,0.0652,10101010,0.0101,0.0217,46454544990,46.455
e3-1a,_PyTrash_begin,cpython,30303030,0.0303,0.0652,30303030,0.0303,0.0652,46454544990,46.455
e3-1a,_PyTrash_cond,cpython,30303030,0.0303,0.0652,30303030,0.0303,0.0652,46454544990,46.455
e3-1a,PyDict_Contains,cpython,30303030,0.0303,0.0652,0,0.0,0.0,46454544990,46.455
e3-1a,PyFunction_NewWithQualName,cpython,30303030,0.0303,0.0652,0,0.0,0.0,46454544990,46.455
e3-1a,PyNumber_And,cpython,30303030,0.0303,0.0652,10101010,0.0101,0.0217,46454544990,46.455
e3-1a,set_merge,other,30303030,0.0303,0.0652,0,0.0,0.0,46454544990,46.455
e3-1a,set_add_entry,other,30303030,0.0303,0.0652,30303030,0.0303,0.0652,46454544990,46.455
e3-1a,PyNumber_Or,cpython,30303030,0.0303,0.0652,0,0.0,0.0,46454544990,46.455
e3-1a,set_update_internal,other,30303030,0.0303,0.0652,0,0.0,0.0,46454544990,46.455
e3-1a,set_or,other,30303030,0.0303,0.0652,0,0.0,0.0,46454544990,46.455
e3-1a,set_attribute_error_context,other,30303030,0.0303,0.0652,0,0.0,0.0,46454544990,46.455
e3-1a,resize_compact,other,30303030,0.0303,0.0652,0,0.0,0.0,46454544990,46.455
e3-1a,unicode_fromformat_write_wcstr,other,30303030,0.0303,0.0652,0,0.0,0.0,46454544990,46.455
e3-1a,PyObject_GetItem,cpython,30303030,0.0303,0.0652,0,0.0,0.0,46454544990,46.455
e3-1a,maybe_freelist_pop,other,30303030,0.0303,0.0652,30303030,0.0303,0.0652,46454544990,46.455
e3-1a,tuple_alloc,other,30303030,0.0303,0.0652,0,0.0,0.0,46454544990,46.455
e3-1a,_PyGCHead_SET_NEXT,cpython,30303030,0.0303,0.0652,30303030,0.0303,0.0652,46454544990,46.455
e3-1a,call_unbound_noarg,other,30303030,0.0303,0.0652,0,0.0,0.0,46454544990,46.455
e3-1a,_PyType_IsReady,cpython,30303030,0.0303,0.0652,0,0.0,0.0,46454544990,46.455
e3-1a,Struct_setattro_default,other,30303030,0.0303,0.0652,0,0.0,0.0,46454544990,46.455
e3-1a,_PyFrame_Initialize,cpython,30303030,0.0303,0.0652,20202020,0.0202,0.0435,46454544990,46.455
e3-1a,_PyTuple_FromArraySteal,cpython,30303030,0.0303,0.0652,10101010,0.0101,0.0217,46454544990,46.455
e3-1a,_Py_Dealloc,cpython,30303030,0.0303,0.0652,30303030,0.0303,0.0652,46454544990,46.455
e3-1a,maybe_freelist_push,other,30303030,0.0303,0.0652,20202020,0.0202,0.0435,46454544990,46.455
e3-1a,_PyBuildSlice_ConsumeRefs,cpython,30303030,0.0303,0.0652,0,0.0,0.0,46454544990,46.455
e3-1a,PyObject_IS_GC,cpython,30303030,0.0303,0.0652,0,0.0,0.0,46454544990,46.455
e3-1a,_PyObject_IS_GC,cpython,30303030,0.0303,0.0652,30303030,0.0303,0.0652,46454544990,46.455
e3-1a,BaseException_new,other,30303030,0.0303,0.0652,0,0.0,0.0,46454544990,46.455
e3-1a,_PyFrame_MakeAndSetFrameObject,cpython,30303030,0.0303,0.0652,0,0.0,0.0,46454544990,46.455
e3-1a,_PyFrame_GetFrameObject,cpython,30303030,0.0303,0.0652,0,0.0,0.0,46454544990,46.455
e3-1a,_PyFrame_New_NoTrack,cpython,30303030,0.0303,0.0652,0,0.0,0.0,46454544990,46.455
e3-1a,_Py_IsImmortal,cpython,30303030,0.0303,0.0652,30303030,0.0303,0.0652,46454544990,46.455
e3-1a,object_new,other,30303030,0.0303,0.0652,20202020,0.0202,0.0435,46454544990,46.455
e3-1a,_PyStack_UnpackDict,cpython,30303030,0.0303,0.0652,20202020,0.0202,0.0435,46454544990,46.455
e3-1a,dict_update_arg,other,30303030,0.0303,0.0652,0,0.0,0.0,46454544990,46.455
e3-1a,dictresize,other,30303030,0.0303,0.0652,0,0.0,0.0,46454544990,46.455
e3-1a,insertion_resize,other,30303030,0.0303,0.0652,0,0.0,0.0,46454544990,46.455
e3-1a,bounded_lru_cache_wrapper,other,30303030,0.0303,0.0652,0,0.0,0.0,46454544990,46.455
e3-1a,_steal_accumulate,other,30303030,0.0303,0.0652,0,0.0,0.0,46454544990,46.455
e3-1a,PySet_Contains,cpython,30303030,0.0303,0.0652,0,0.0,0.0,46454544990,46.455
e3-1a,set_contains_key,other,30303030,0.0303,0.0652,0,0.0,0.0,46454544990,46.455
e3-1a,set_contains_entry,other,30303030,0.0303,0.0652,0,0.0,0.0,46454544990,46.455
e3-1a,set_lookkey,other,30303030,0.0303,0.0652,30303030,0.0303,0.0652,46454544990,46.455
e3-1a,_in_weak_set,other,30303030,0.0303,0.0652,0,0.0,0.0,46454544990,46.455
e3-1a,clone_combined_dict_keys,other,30303030,0.0303,0.0652,0,0.0,0.0,46454544990,46.455
e3-1a,defdict_missing,other,30303030,0.0303,0.0652,0,0.0,0.0,46454544990,46.455
e3-1a,cfunction_vectorcall_O,other,30303030,0.0303,0.0652,0,0.0,0.0,46454544990,46.455
e3-1a,do_raise,other,30303030,0.0303,0.0652,20202020,0.0202,0.0435,46454544990,46.455
e3-1a,list_preallocate_exact,other,30303030,0.0303,0.0652,0,0.0,0.0,46454544990,46.455
e3-1a,listiter_dealloc,other,30303030,0.0303,0.0652,0,0.0,0.0,46454544990,46.455
e3-1a,_PyDict_FromKeys,cpython,30303030,0.0303,0.0652,10101010,0.0101,0.0217,46454544990,46.455
e3-1a,map_next,other,30303030,0.0303,0.0652,0,0.0,0.0,46454544990,46.455
e3-1a,cfunction_vectorcall_FASTCALL,other,30303030,0.0303,0.0652,0,0.0,0.0,46454544990,46.455
e3-1a,slot_mp_ass_subscript,other,30303030,0.0303,0.0652,0,0.0,0.0,46454544990,46.455
e3-1a,tuplecontains,other,30303030,0.0303,0.0652,0,0.0,0.0,46454544990,46.455
e3-1a,_PyBytes_FromSize,cpython,30303030,0.0303,0.0652,0,0.0,0.0,46454544990,46.455
e3-1a,_PyUnicode_FromASCII,cpython,30303030,0.0303,0.0652,0,0.0,0.0,46454544990,46.455
e3-1a,[tokenizers.abi3.so],shared-lib,30303030,0.0303,0.0652,0,0.0,0.0,46454544990,46.455
e3-1a,pyo3::impl_::extract_argument::FunctionDescription::extract_arguments_tuple_dict,other,30303030,0.0303,0.0652,30303030,0.0303,0.0652,46454544990,46.455
e3-1a,__vdso_clock_gettime_[k],other,30303030,0.0303,0.0652,10101010,0.0101,0.0217,46454544990,46.455
e3-1a,onig_initialize_match_param,other,30303030,0.0303,0.0652,30303030,0.0303,0.0652,46454544990,46.455
e3-1a,pyo3::impl_::trampoline::trampoline,other,30303030,0.0303,0.0652,20202020,0.0202,0.0435,46454544990,46.455
e3-1a,Py_DecRef,cpython,30303030,0.0303,0.0652,0,0.0,0.0,46454544990,46.455
e3-1a,pyo3::types::string::PyString::new,cpython,30303030,0.0303,0.0652,10101010,0.0101,0.0217,46454544990,46.455
e3-1a,tokenizers::tokenizer::normalizer::NormalizedString::split,rust-tokenizers,30303030,0.0303,0.0652,30303030,0.0303,0.0652,46454544990,46.455
e3-1a,tokenizers::utils::parallelism::get_parallelism,rust-tokenizers,30303030,0.0303,0.0652,10101010,0.0101,0.0217,46454544990,46.455
e3-1a,<T as pyo3::conversion::FromPyObjectBound>::from_py_object_bound,cpython,20202020,0.0202,0.0435,0,0.0,0.0,46454544990,46.455
e3-1a,take_gil,other,20202020,0.0202,0.0435,0,0.0,0.0,46454544990,46.455
e3-1a,COMPUTE_EVAL_BREAKER,other,20202020,0.0202,0.0435,20202020,0.0202,0.0435,46454544990,46.455
e3-1a,PyEval_RestoreThread,cpython,20202020,0.0202,0.0435,0,0.0,0.0,46454544990,46.455
e3-1a,<rayon::vec::IntoIter<T> as rayon::iter::IndexedParallelIterator>::with_producer,rust-stdlib-or-dep,20202020,0.0202,0.0435,20202020,0.0202,0.0435,46454544990,46.455
e3-1a,PyType_GetFlags,cpython,20202020,0.0202,0.0435,20202020,0.0202,0.0435,46454544990,46.455
e3-1a,[libpython3.12.so.1.0],shared-lib,20202020,0.0202,0.0435,0,0.0,0.0,46454544990,46.455
e3-1a,chain_dealloc,other,20202020,0.0202,0.0435,0,0.0,0.0,46454544990,46.455
e3-1a,tokenizers::tokenizer::encoding::Encoding::merge_with,rust-tokenizers,20202020,0.0202,0.0435,20202020,0.0202,0.0435,46454544990,46.455
e3-1a,"core::ptr::drop_in_place<core::iter::adapters::flatten::FlatMap<core::iter::adapters::enumerate::Enumerate<alloc::vec::into_iter::IntoIter<tokenizers::tokenizer::pre_tokenizer::Split>>,core::iter::adapters::map::Map<alloc::vec::into_iter::IntoIter<tokenizers::tokenizer::Token>,tokenizers::tokenizer::pre_tokenizer::PreTokenizedString::into_encoding::{{closure}}::{{closure}}>,tokenizers::tokenizer::pre_tokenizer::PreTokenizedString::into_encoding::{{closure}}>>",rust-stdlib-or-dep,20202020,0.0202,0.0435,0,0.0,0.0,46454544990,46.455
e3-1a,onig_search_with_param,other,20202020,0.0202,0.0435,20202020,0.0202,0.0435,46454544990,46.455
e3-1a,object_dealloc,other,20202020,0.0202,0.0435,20202020,0.0202,0.0435,46454544990,46.455
e3-1a,pyo3::types::tuple::<impl core::iter::traits::collect::IntoIterator for pyo3::instance::Bound<pyo3::types::tuple::PyTuple>>::into_iter,cpython,20202020,0.0202,0.0435,10101010,0.0101,0.0217,46454544990,46.455
e3-1a,PyErr_GivenExceptionMatches,cpython,20202020,0.0202,0.0435,20202020,0.0202,0.0435,46454544990,46.455
e3-1a,method_vectorcall_VARARGS,other,20202020,0.0202,0.0435,0,0.0,0.0,46454544990,46.455
e3-1a,set_table_resize,other,20202020,0.0202,0.0435,10101010,0.0101,0.0217,46454544990,46.455
e3-1a,_PyUnicodeWriter_WriteASCIIString,cpython,20202020,0.0202,0.0435,0,0.0,0.0,46454544990,46.455
e3-1a,AttributeError_init,other,20202020,0.0202,0.0435,0,0.0,0.0,46454544990,46.455
e3-1a,_PyArg_ParseTupleAndKeywords_SizeT,cpython,20202020,0.0202,0.0435,0,0.0,0.0,46454544990,46.455
e3-1a,_PyErr_GetTopmostException,cpython,20202020,0.0202,0.0435,20202020,0.0202,0.0435,46454544990,46.455
e3-1a,_PyDictKeys_StringLookup,cpython,20202020,0.0202,0.0435,10101010,0.0101,0.0217,46454544990,46.455
e3-1a,method_get,other,20202020,0.0202,0.0435,20202020,0.0202,0.0435,46454544990,46.455
e3-1a,slot_tp_descr_get,other,20202020,0.0202,0.0435,0,0.0,0.0,46454544990,46.455
e3-1a,_Py_slot_tp_getattro,cpython,20202020,0.0202,0.0435,10101010,0.0101,0.0217,46454544990,46.455
e3-1a,PyCMethod_New,cpython,20202020,0.0202,0.0435,0,0.0,0.0,46454544990,46.455
e3-1a,PyIter_Check,cpython,20202020,0.0202,0.0435,20202020,0.0202,0.0435,46454544990,46.455
e3-1a,dictiter_new,other,20202020,0.0202,0.0435,10101010,0.0101,0.0217,46454544990,46.455
e3-1a,_PyType_GetDict,cpython,20202020,0.0202,0.0435,20202020,0.0202,0.0435,46454544990,46.455
e3-1a,_PyThreadState_GET,cpython,20202020,0.0202,0.0435,20202020,0.0202,0.0435,46454544990,46.455
e3-1a,dict_richcompare,other,20202020,0.0202,0.0435,0,0.0,0.0,46454544990,46.455
e3-1a,dict_equal,other,20202020,0.0202,0.0435,0,0.0,0.0,46454544990,46.455
e3-1a,_PyDictValues_AddToInsertionOrder,cpython,20202020,0.0202,0.0435,20202020,0.0202,0.0435,46454544990,46.455
e3-1a,descr_setcheck,other,20202020,0.0202,0.0435,0,0.0,0.0,46454544990,46.455
e3-1a,member_set,other,20202020,0.0202,0.0435,0,0.0,0.0,46454544990,46.455
e3-1a,PyObject_SetItem,cpython,20202020,0.0202,0.0435,20202020,0.0202,0.0435,46454544990,46.455
e3-1a,PyObject_Size,cpython,20202020,0.0202,0.0435,20202020,0.0202,0.0435,46454544990,46.455
e3-1a,Struct_vectorcall,other,20202020,0.0202,0.0435,10101010,0.0101,0.0217,46454544990,46.455
e3-1a,_Py_AS_GC,cpython,20202020,0.0202,0.0435,20202020,0.0202,0.0435,46454544990,46.455
e3-1a,_PyThreadState_PushFrame,cpython,20202020,0.0202,0.0435,10101010,0.0101,0.0217,46454544990,46.455
e3-1a,new_dict,other,20202020,0.0202,0.0435,10101010,0.0101,0.0217,46454544990,46.455
e3-1a,<CLASS TOTAL> rust-stdlib-or-dep,rust-stdlib-or-dep,,,,15919191760,15.9192,34.2683,46454544990,46.455
e3-1a,<CLASS TOTAL> cpython,cpython,,,,9020201930,9.0202,19.4173,46454544990,46.455
e3-1a,<CLASS TOTAL> other,other,,,,8656565570,8.6566,18.6345,46454544990,46.455
e3-1a,<CLASS TOTAL> rust-tokenizers,rust-tokenizers,,,,7353535280,7.3535,15.8295,46454544990,46.455
e3-1a,<CLASS TOTAL> shared-lib,shared-lib,,,,4646464600,4.6465,10.0022,46454544990,46.455
e3-1a,<CLASS TOTAL> libc-alloc-mem,libc-alloc-mem,,,,858585850,0.8586,1.8482,46454544990,46.455
e3-1b,python3,cpython,23919191680,23.9192,99.9156,0,0.0,0.0,23939393700,23.939
e3-1b,[unknown],shared-lib,7989898910,7.9899,33.3755,0,0.0,0.0,23939393700,23.939
e3-1b,"<core::iter::adapters::map::Map<I,F> as core::iter::traits::iterator::Iterator>::fold",rust-stdlib-or-dep,2626262600,2.6263,10.9705,2353535330,2.3535,9.8312,23939393700,23.939
e3-1b,_PyEval_EvalFrameDefault,cpython,2565656540,2.5657,10.7173,444444440,0.4444,1.8565,23939393700,23.939
e3-1b,core::hash::BuildHasher::hash_one,rust-stdlib-or-dep,2030303010,2.0303,8.481,2030303010,2.0303,8.481,23939393700,23.939
e3-1b,[libc.so.6],shared-lib,1505050490,1.5051,6.2869,1383838370,1.3838,5.7806,23939393700,23.939
e3-1b,"hashbrown::raw::RawTable<T,A>::reserve_rehash",rust-stdlib-or-dep,1282828270,1.2828,5.3586,1282828270,1.2828,5.3586,23939393700,23.939
e3-1b,match_at,other,1252525240,1.2525,5.2321,1232323220,1.2323,5.1477,23939393700,23.939
e3-1b,"hashbrown::map::HashMap<K,V,S,A>::insert",rust-stdlib-or-dep,1181818170,1.1818,4.9367,1181818170,1.1818,4.9367,23939393700,23.939
e3-1b,"<alloc::vec::into_iter::IntoIter<T,A> as core::iter::traits::iterator::Iterator>::fold",rust-stdlib-or-dep,1010101000,1.0101,4.2194,1010101000,1.0101,4.2194,23939393700,23.939
e3-1b,"tokenizers::utils::cache::Cache<K,V>::get",rust-tokenizers,777777770,0.7778,3.2489,757575750,0.7576,3.1646,23939393700,23.939
e3-1b,"<alloc::vec::Vec<T> as alloc::vec::spec_from_iter_nested::SpecFromIterNested<T,I>>::from_iter",rust-stdlib-or-dep,767676760,0.7677,3.2068,636363630,0.6364,2.6582,23939393700,23.939
e3-1b,<core::hash::sip::Hasher<S> as core::hash::Hasher>::write,rust-stdlib-or-dep,727272720,0.7273,3.038,727272720,0.7273,3.038,23939393700,23.939
e3-1b,tokenizers::tokenizer::normalizer::NormalizedString::transform_range,rust-tokenizers,646464640,0.6465,2.7004,434343430,0.4343,1.8143,23939393700,23.939
e3-1b,tokenizers::tokenizer::normalizer::NormalizedString::slice,rust-tokenizers,626262620,0.6263,2.616,424242420,0.4242,1.7722,23939393700,23.939
e3-1b,search_in_range.part.0,other,616161610,0.6162,2.5738,30303030,0.0303,0.1266,23939393700,23.939
e3-1b,unicode_normalization_alignments::lookups::canonical_combining_class,other,595959590,0.596,2.4895,595959590,0.596,2.4895,23939393700,23.939
e3-1b,core::iter::adapters::flatten::and_then_or_clear,rust-stdlib-or-dep,585858580,0.5859,2.4473,525252520,0.5253,2.1941,23939393700,23.939
e3-1b,malloc,libc-alloc-mem,505050500,0.5051,2.1097,121212120,0.1212,0.5063,23939393700,23.939
e3-1b,pyo3::conversion::IntoPyObject::owned_sequence_into_pyobject,cpython,505050500,0.5051,2.1097,10101010,0.0101,0.0422,23939393700,23.939
e3-1b,tokenizers::tokenizer::pre_tokenizer::BytesToCharOffsetConverter::convert,rust-tokenizers,505050500,0.5051,2.1097,505050500,0.5051,2.1097,23939393700,23.939
e3-1b,tokenizers::tokenizer::pre_tokenizer::PreTokenizedString::into_encoding,rust-tokenizers,505050500,0.5051,2.1097,494949490,0.4949,2.0675,23939393700,23.939
e3-1b,<unicode_normalization_alignments::decompose::Decompositions<I> as core::iter::traits::iterator::Iterator>::next,other,454545450,0.4545,1.8987,454545450,0.4545,1.8987,23939393700,23.939
e3-1b,tokenizers::tokenizer::normalizer::NormalizedString::convert_offsets,rust-tokenizers,444444440,0.4444,1.8565,444444440,0.4444,1.8565,23939393700,23.939
e3-1b,alloc::raw_vec::RawVecInner<A>::finish_grow,rust-stdlib-or-dep,434343430,0.4343,1.8143,202020200,0.202,0.8439,23939393700,23.939
e3-1b,_PyObject_VectorcallTstate,cpython,434343430,0.4343,1.8143,20202020,0.0202,0.0844,23939393700,23.939
e3-1b,pyo3::conversions::std::num::<impl pyo3::conversion::IntoPyObject for u32>::into_pyobject,cpython,404040400,0.404,1.6878,20202020,0.0202,0.0844,23939393700,23.939
e3-1b,"<alloc::vec::splice::Splice<I,A> as core::ops::drop::Drop>::drop",rust-stdlib-or-dep,393939390,0.3939,1.6456,393939390,0.3939,1.6456,23939393700,23.939
e3-1b,PyLong_FromLong,cpython,383838380,0.3838,1.6034,80808080,0.0808,0.3376,23939393700,23.939
e3-1b,PyObject_GetAttr,cpython,383838380,0.3838,1.6034,0,0.0,0.0,23939393700,23.939
e3-1b,"<alloc::vec::Vec<T,A> as alloc::vec::spec_extend::SpecExtend<T,I>>::spec_extend",rust-stdlib-or-dep,343434340,0.3434,1.4346,343434340,0.3434,1.4346,23939393700,23.939
e3-1b,_PyObject_Malloc,cpython,333333330,0.3333,1.3924,0,0.0,0.0,23939393700,23.939
e3-1b,<tokenizers::models::bpe::model::BPE as tokenizers::tokenizer::Model>::tokenize,rust-tokenizers,323232320,0.3232,1.3502,40404040,0.0404,0.1688,23939393700,23.939
e3-1b,Py_INCREF,cpython,313131310,0.3131,1.308,313131310,0.3131,1.308,23939393700,23.939
e3-1b,realloc,libc-alloc-mem,292929290,0.2929,1.2236,70707070,0.0707,0.2954,23939393700,23.939
e3-1b,PyObject_Vectorcall,cpython,282828280,0.2828,1.1814,0,0.0,0.0,23939393700,23.939
e3-1b,_PyLong_FromMedium,cpython,272727270,0.2727,1.1392,0,0.0,0.0,23939393700,23.939
e3-1b,Py_DECREF,cpython,262626260,0.2626,1.097,101010100,0.101,0.4219,23939393700,23.939
e3-1b,_PyObject_GenericGetAttrWithDict,cpython,262626260,0.2626,1.097,10101010,0.0101,0.0422,23939393700,23.939
e3-1b,tokenizers::tokenizer::pre_tokenizer::PreTokenizedString::split,rust-tokenizers,262626260,0.2626,1.097,252525250,0.2525,1.0549,23939393700,23.939
e3-1b,Py_XDECREF,cpython,252525250,0.2525,1.0549,30303030,0.0303,0.1266,23939393700,23.939
e3-1b,pymalloc_alloc,other,242424240,0.2424,1.0127,202020200,0.202,0.8439,23939393700,23.939
e3-1b,tokenizers::tokenizer::pre_tokenizer::PreTokenizedString::normalize,rust-tokenizers,232323230,0.2323,0.9705,232323230,0.2323,0.9705,23939393700,23.939
e3-1b,cfree,libc-alloc-mem,222222220,0.2222,0.9283,50505050,0.0505,0.211,23939393700,23.939
e3-1b,_PyType_Lookup,cpython,212121210,0.2121,0.8861,151515150,0.1515,0.6329,23939393700,23.939
e3-1b,_Py_slot_tp_getattr_hook,cpython,202020200,0.202,0.8439,0,0.0,0.0,23939393700,23.939
e3-1b,<alloc::string::String as core::clone::Clone>::clone,rust-stdlib-or-dep,181818180,0.1818,0.7595,60606060,0.0606,0.2532,23939393700,23.939
e3-1b,onig_is_in_code_range,other,181818180,0.1818,0.7595,181818180,0.1818,0.7595,23939393700,23.939
e3-1b,dictkeys_decref,other,171717170,0.1717,0.7173,0,0.0,0.0,23939393700,23.939
e3-1b,dict_dealloc,other,171717170,0.1717,0.7173,0,0.0,0.0,23939393700,23.939
e3-1b,aho_corasick::automaton::try_find_fwd,rust-stdlib-or-dep,171717170,0.1717,0.7173,171717170,0.1717,0.7173,23939393700,23.939
e3-1b,<tokenizers::normalizers::PyNormalizerWrapper as tokenizers::tokenizer::Normalizer>::normalize,rust-tokenizers,161616160,0.1616,0.6751,0,0.0,0.0,23939393700,23.939
e3-1b,_PyEval_Vector,cpython,161616160,0.1616,0.6751,0,0.0,0.0,23939393700,23.939
e3-1b,unicode_normalization_alignments::lookups::canonical_fully_decomposed,other,161616160,0.1616,0.6751,161616160,0.1616,0.6751,23939393700,23.939
e3-1b,alloc::raw_vec::RawVecInner<A>::reserve::do_reserve_and_handle,rust-stdlib-or-dep,151515150,0.1515,0.6329,151515150,0.1515,0.6329,23939393700,23.939
e3-1b,"alloc::vec::in_place_collect::<impl alloc::vec::spec_from_iter::SpecFromIter<T,I> for alloc::vec::Vec<T>>::from_iter",rust-stdlib-or-dep,151515150,0.1515,0.6329,151515150,0.1515,0.6329,23939393700,23.939
e3-1b,_PyEvalFramePushAndInit,cpython,151515150,0.1515,0.6329,20202020,0.0202,0.0844,23939393700,23.939
e3-1b,unicode_normalization_alignments::normalize::compose,other,141414140,0.1414,0.5907,141414140,0.1414,0.5907,23939393700,23.939
e3-1b,_PyObject_Free,cpython,141414140,0.1414,0.5907,0,0.0,0.0,23939393700,23.939
e3-1b,free_keys_object,other,141414140,0.1414,0.5907,10101010,0.0101,0.0422,23939393700,23.939
e3-1b,subtype_dealloc,other,131313130,0.1313,0.5485,10101010,0.0101,0.0422,23939393700,23.939
e3-1b,_PyObject_Call,cpython,121212120,0.1212,0.5063,20202020,0.0202,0.0844,23939393700,23.939
e3-1b,pymalloc_free,other,121212120,0.1212,0.5063,30303030,0.0303,0.1266,23939393700,23.939
e3-1b,method_vectorcall,other,111111110,0.1111,0.4641,0,0.0,0.0,23939393700,23.939
e3-1b,py_trampoline_evaluator,other,111111110,0.1111,0.4641,20202020,0.0202,0.0844,23939393700,23.939
e3-1b,_PyObject_FreeInstanceAttributes,cpython,111111110,0.1111,0.4641,0,0.0,0.0,23939393700,23.939
e3-1b,unicode_normalization_alignments::decompose::Decompositions<I>::push_back,other,101010100,0.101,0.4219,101010100,0.101,0.4219,23939393700,23.939
e3-1b,__rustc::__rust_dealloc,other,101010100,0.101,0.4219,101010100,0.101,0.4219,23939393700,23.939
e3-1b,initialize_locals,other,101010100,0.101,0.4219,101010100,0.101,0.4219,23939393700,23.939
e3-1b,list_dealloc,other,101010100,0.101,0.4219,0,0.0,0.0,23939393700,23.939
e3-1b,_PyObject_MakeTpCall,cpython,101010100,0.101,0.4219,0,0.0,0.0,23939393700,23.939
e3-1b,mbc_enc_len,other,101010100,0.101,0.4219,101010100,0.101,0.4219,23939393700,23.939
e3-1b,<tokenizers::pre_tokenizers::PyPreTokenizerTypeWrapper as tokenizers::tokenizer::PreTokenizer>::pre_tokenize,rust-tokenizers,90909090,0.0909,0.3797,0,0.0,0.0,23939393700,23.939
e3-1b,_PyInterpreterState_GET,cpython,90909090,0.0909,0.3797,70707070,0.0707,0.2954,23939393700,23.939
e3-1b,get_state,other,90909090,0.0909,0.3797,0,0.0,0.0,23939393700,23.939
e3-1b,_Py_dict_lookup,cpython,90909090,0.0909,0.3797,50505050,0.0505,0.211,23939393700,23.939
e3-1b,Py_TYPE,cpython,90909090,0.0909,0.3797,90909090,0.0909,0.3797,23939393700,23.939
e3-1b,_Py_NewRef,cpython,90909090,0.0909,0.3797,0,0.0,0.0,23939393700,23.939
e3-1b,PyUnstable_Code_GetExtra,cpython,90909090,0.0909,0.3797,90909090,0.0909,0.3797,23939393700,23.939
e3-1b,_PyCode_GetExtra,cpython,90909090,0.0909,0.3797,0,0.0,0.0,23939393700,23.939
e3-1b,type_call,other,90909090,0.0909,0.3797,20202020,0.0202,0.0844,23939393700,23.939
e3-1b,arena_map_is_used,other,90909090,0.0909,0.3797,50505050,0.0505,0.211,23939393700,23.939
e3-1b,address_in_range,other,90909090,0.0909,0.3797,0,0.0,0.0,23939393700,23.939
e3-1b,<alloc::string::String as core::iter::traits::collect::FromIterator<char>>::from_iter,rust-stdlib-or-dep,80808080,0.0808,0.3376,70707070,0.0707,0.2954,23939393700,23.939
e3-1b,PyList_SetItem,cpython,80808080,0.0808,0.3376,40404040,0.0404,0.1688,23939393700,23.939
e3-1b,_PyObject_LookupAttr,cpython,80808080,0.0808,0.3376,0,0.0,0.0,23939393700,23.939
e3-1b,__tls_get_addr,other,80808080,0.0808,0.3376,80808080,0.0808,0.3376,23939393700,23.939
e3-1b,<onig::find::FindMatches as core::iter::traits::iterator::Iterator>::next,rust-stdlib-or-dep,70707070,0.0707,0.2954,70707070,0.0707,0.2954,23939393700,23.939
e3-1b,pyo3::types::string::<impl pyo3::instance::Borrowed<pyo3::types::string::PyString>>::to_cow,cpython,70707070,0.0707,0.2954,0,0.0,0.0,23939393700,23.939
e3-1b,ucs2lib_utf8_encoder,other,70707070,0.0707,0.2954,50505050,0.0505,0.211,23939393700,23.939
e3-1b,pyo3::err::PyErr::take,cpython,70707070,0.0707,0.2954,0,0.0,0.0,23939393700,23.939
e3-1b,unicode_encode_utf8,other,70707070,0.0707,0.2954,0,0.0,0.0,23939393700,23.939
e3-1b,method_vectorcall_VARARGS_KEYWORDS,other,70707070,0.0707,0.2954,10101010,0.0101,0.0422,23939393700,23.939
e3-1b,_PyFrame_ClearExceptCode,cpython,70707070,0.0707,0.2954,10101010,0.0101,0.0422,23939393700,23.939
e3-1b,_PyEvalFrameClearAndPop,cpython,70707070,0.0707,0.2954,0,0.0,0.0,23939393700,23.939
e3-1b,_PyObject_GetMethod,cpython,70707070,0.0707,0.2954,10101010,0.0101,0.0422,23939393700,23.939
e3-1b,builtin_hasattr,other,70707070,0.0707,0.2954,0,0.0,0.0,23939393700,23.939
e3-1b,builtin_hasattr_impl,other,70707070,0.0707,0.2954,0,0.0,0.0,23939393700,23.939
e3-1b,mbc_to_code,other,70707070,0.0707,0.2954,70707070,0.0707,0.2954,23939393700,23.939
e3-1b,PyBytes_FromStringAndSize,cpython,60606060,0.0606,0.2532,0,0.0,0.0,23939393700,23.939
e3-1b,_PyObject_Init,cpython,60606060,0.0606,0.2532,0,0.0,0.0,23939393700,23.939
e3-1b,_PyBytes_FromSize,cpython,60606060,0.0606,0.2532,0,0.0,0.0,23939393700,23.939
e3-1b,__rustc::__rust_alloc,other,60606060,0.0606,0.2532,60606060,0.0606,0.2532,23939393700,23.939
e3-1b,__rustc::__rust_no_alloc_shim_is_unstable_v2,other,60606060,0.0606,0.2532,60606060,0.0606,0.2532,23939393700,23.939
e3-1b,_Py_type_getattro,cpython,60606060,0.0606,0.2532,10101010,0.0101,0.0422,23939393700,23.939
e3-1b,_Py_type_getattro_impl,cpython,60606060,0.0606,0.2532,0,0.0,0.0,23939393700,23.939
e3-1b,clear_thread_frame,other,60606060,0.0606,0.2532,0,0.0,0.0,23939393700,23.939
e3-1b,_PyObject_Call_Prepend,cpython,60606060,0.0606,0.2532,0,0.0,0.0,23939393700,23.939
e3-1b,_PyObject_FastCallDictTstate,cpython,60606060,0.0606,0.2532,0,0.0,0.0,23939393700,23.939
e3-1b,<tokenizers::models::PyModel as tokenizers::tokenizer::Model>::tokenize,rust-tokenizers,50505050,0.0505,0.211,50505050,0.0505,0.211,23939393700,23.939
e3-1b,__rustc::__rdl_dealloc,other,50505050,0.0505,0.211,50505050,0.0505,0.211,23939393700,23.939
e3-1b,"core::ptr::drop_in_place<core::iter::adapters::flatten::FlatMap<core::iter::adapters::enumerate::Enumerate<alloc::vec::into_iter::IntoIter<tokenizers::tokenizer::pre_tokenizer::Split>>,core::iter::adapters::map::Map<alloc::vec::into_iter::IntoIter<tokenizers::tokenizer::Token>,tokenizers::tokenizer::pre_tokenizer::PreTokenizedString::into_encoding::{{closure}}::{{closure}}>,tokenizers::tokenizer::pre_tokenizer::PreTokenizedString::into_encoding::{{closure}}>>",rust-stdlib-or-dep,50505050,0.0505,0.211,10101010,0.0101,0.0422,23939393700,23.939
e3-1b,tupledealloc,other,50505050,0.0505,0.211,10101010,0.0101,0.0422,23939393700,23.939
e3-1b,_PyObject_GC_New,cpython,50505050,0.0505,0.211,0,0.0,0.0,23939393700,23.939
e3-1b,_PyVectorcall_FunctionInline,cpython,50505050,0.0505,0.211,50505050,0.0505,0.211,23939393700,23.939
e3-1b,object_recursive_isinstance,other,50505050,0.0505,0.211,0,0.0,0.0,23939393700,23.939
e3-1b,PyObject_IsInstance,cpython,50505050,0.0505,0.211,0,0.0,0.0,23939393700,23.939
e3-1b,_PyObject_LookupSpecial,cpython,50505050,0.0505,0.211,30303030,0.0303,0.1266,23939393700,23.939
e3-1b,_PyObject_CallNoArgs,cpython,50505050,0.0505,0.211,0,0.0,0.0,23939393700,23.939
e3-1b,slot_tp_init,other,50505050,0.0505,0.211,0,0.0,0.0,23939393700,23.939
e3-1b,_abc__abc_instancecheck,other,50505050,0.0505,0.211,0,0.0,0.0,23939393700,23.939
e3-1b,_abc__abc_instancecheck_impl,other,50505050,0.0505,0.211,0,0.0,0.0,23939393700,23.939
e3-1b,vectorcall_method,other,50505050,0.0505,0.211,0,0.0,0.0,23939393700,23.939
e3-1b,<tokenizers::pre_tokenizers::PreTokenizerWrapper as tokenizers::tokenizer::PreTokenizer>::pre_tokenize,rust-tokenizers,50505050,0.0505,0.211,30303030,0.0303,0.1266,23939393700,23.939
e3-1b,indicatif::progress_bar::ProgressBar::set_message,other,50505050,0.0505,0.211,0,0.0,0.0,23939393700,23.939
e3-1b,"<alloc::vec::into_iter::IntoIter<T,A> as core::ops::drop::Drop>::drop",rust-stdlib-or-dep,40404040,0.0404,0.1688,40404040,0.0404,0.1688,23939393700,23.939
e3-1b,onig::Regex::search_with_encoding,rust-stdlib-or-dep,40404040,0.0404,0.1688,40404040,0.0404,0.1688,23939393700,23.939
e3-1b,_PyObject_InitVar,cpython,40404040,0.0404,0.1688,0,0.0,0.0,23939393700,23.939
e3-1b,_PyInterpreterState_Main,cpython,40404040,0.0404,0.1688,40404040,0.0404,0.1688,23939393700,23.939
e3-1b,_Py_IsMainInterpreter,cpython,40404040,0.0404,0.1688,0,0.0,0.0,23939393700,23.939
e3-1b,has_own_state,other,40404040,0.0404,0.1688,0,0.0,0.0,23939393700,23.939
e3-1b,getset_get,other,40404040,0.0404,0.1688,30303030,0.0303,0.1266,23939393700,23.939
e3-1b,lookup_maybe_method,other,40404040,0.0404,0.1688,0,0.0,0.0,23939393700,23.939
e3-1b,PyObject_CallOneArg,cpython,40404040,0.0404,0.1688,0,0.0,0.0,23939393700,23.939
e3-1b,_PyEval_EvalFrame,cpython,40404040,0.0404,0.1688,10101010,0.0101,0.0422,23939393700,23.939
e3-1b,_PyFunction_Vectorcall,cpython,40404040,0.0404,0.1688,40404040,0.0404,0.1688,23939393700,23.939
e3-1b,_PyErr_SetKeyError,cpython,40404040,0.0404,0.1688,10101010,0.0101,0.0422,23939393700,23.939
e3-1b,slot_tp_call,other,40404040,0.0404,0.1688,0,0.0,0.0,23939393700,23.939
e3-1b,arena_map_get,other,40404040,0.0404,0.1688,40404040,0.0404,0.1688,23939393700,23.939
e3-1b,_PyVectorcall_Call,cpython,40404040,0.0404,0.1688,0,0.0,0.0,23939393700,23.939
e3-1b,_PyDict_GetItem_KnownHash,cpython,40404040,0.0404,0.1688,10101010,0.0101,0.0422,23939393700,23.939
e3-1b,find_name_in_mro,other,40404040,0.0404,0.1688,0,0.0,0.0,23939393700,23.939
e3-1b,vectorcall_unbound,other,40404040,0.0404,0.1688,0,0.0,0.0,23939393700,23.939
e3-1b,onig_region_resize,other,40404040,0.0404,0.1688,40404040,0.0404,0.1688,23939393700,23.939
e3-1b,sysvec_apic_timer_interrupt_[k],other,30303030,0.0303,0.1266,0,0.0,0.0,23939393700,23.939
e3-1b,__irq_exit_rcu_[k],other,30303030,0.0303,0.1266,0,0.0,0.0,23939393700,23.939
e3-1b,asm_sysvec_apic_timer_interrupt_[k],other,30303030,0.0303,0.1266,0,0.0,0.0,23939393700,23.939
e3-1b,handle_softirqs_[k],other,30303030,0.0303,0.1266,30303030,0.0303,0.1266,23939393700,23.939
e3-1b,PyType_GenericAlloc,cpython,30303030,0.0303,0.1266,0,0.0,0.0,23939393700,23.939
e3-1b,<pyo3::impl_::pyclass_init::PyNativeTypeInitializer<T> as pyo3::impl_::pyclass_init::PyObjectInit<T>>::into_new_object::inner,cpython,30303030,0.0303,0.1266,0,0.0,0.0,23939393700,23.939
e3-1b,_PyType_AllocNoTrack,cpython,30303030,0.0303,0.1266,0,0.0,0.0,23939393700,23.939
e3-1b,pymalloc_pool_extend,other,30303030,0.0303,0.1266,30303030,0.0303,0.1266,23939393700,23.939
e3-1b,__rustc::__rdl_alloc,other,30303030,0.0303,0.1266,30303030,0.0303,0.1266,23939393700,23.939
e3-1b,onig_search_with_param,other,30303030,0.0303,0.1266,30303030,0.0303,0.1266,23939393700,23.939
e3-1b,_Py_NewReference,cpython,30303030,0.0303,0.1266,20202020,0.0202,0.0844,23939393700,23.939
e3-1b,get_small_int,other,30303030,0.0303,0.1266,30303030,0.0303,0.1266,23939393700,23.939
e3-1b,"tokenizers::tokenizer::TokenizerImpl<M,N,PT,PP,D>::encode_single_sequence",rust-tokenizers,30303030,0.0303,0.1266,20202020,0.0202,0.0844,23939393700,23.939
e3-1b,tokenizers::tokenizer::pre_tokenizer::PreTokenizedString::tokenize,rust-tokenizers,30303030,0.0303,0.1266,30303030,0.0303,0.1266,23939393700,23.939
e3-1b,_PyType_PreHeaderSize,cpython,30303030,0.0303,0.1266,0,0.0,0.0,23939393700,23.939
e3-1b,_PyType_HasFeature,cpython,30303030,0.0303,0.1266,30303030,0.0303,0.1266,23939393700,23.939
e3-1b,PyDict_New,cpython,30303030,0.0303,0.1266,10101010,0.0101,0.0422,23939393700,23.939
e3-1b,PyType_IsSubtype,cpython,30303030,0.0303,0.1266,30303030,0.0303,0.1266,23939393700,23.939
e3-1b,_PyFrame_Initialize,cpython,30303030,0.0303,0.1266,0,0.0,0.0,23939393700,23.939
e3-1b,PyObject_SetAttr,cpython,30303030,0.0303,0.1266,0,0.0,0.0,23939393700,23.939
e3-1b,time_perf_counter,other,30303030,0.0303,0.1266,0,0.0,0.0,23939393700,23.939
e3-1b,cfunction_vectorcall_NOARGS,other,30303030,0.0303,0.1266,0,0.0,0.0,23939393700,23.939
e3-1b,_PyDict_FromItems,cpython,30303030,0.0303,0.1266,0,0.0,0.0,23939393700,23.939
e3-1b,insertdict,other,30303030,0.0303,0.1266,0,0.0,0.0,23939393700,23.939
e3-1b,_PyObject_GC_NewVar,cpython,30303030,0.0303,0.1266,0,0.0,0.0,23939393700,23.939
e3-1b,gc_alloc,other,30303030,0.0303,0.1266,0,0.0,0.0,23939393700,23.939
e3-1b,lookup_method,other,30303030,0.0303,0.1266,0,0.0,0.0,23939393700,23.939
e3-1b,unicodekeys_lookup_unicode,other,30303030,0.0303,0.1266,30303030,0.0303,0.1266,23939393700,23.939
e3-1b,call_attribute,other,30303030,0.0303,0.1266,0,0.0,0.0,23939393700,23.939
e3-1b,gen_iternext,other,30303030,0.0303,0.1266,0,0.0,0.0,23939393700,23.939
e3-1b,builtin_next,other,30303030,0.0303,0.1266,0,0.0,0.0,23939393700,23.939
e3-1b,gen_send_ex2,other,30303030,0.0303,0.1266,0,0.0,0.0,23939393700,23.939
e3-1b,dict_subscript,other,30303030,0.0303,0.1266,0,0.0,0.0,23939393700,23.939
e3-1b,make_gen,other,30303030,0.0303,0.1266,0,0.0,0.0,23939393700,23.939
e3-1b,method_dealloc,other,30303030,0.0303,0.1266,10101010,0.0101,0.0422,23939393700,23.939
e3-1b,slot_mp_ass_subscript,other,30303030,0.0303,0.1266,10101010,0.0101,0.0422,23939393700,23.939
e3-1b,slot_mp_subscript,other,30303030,0.0303,0.1266,0,0.0,0.0,23939393700,23.939
e3-1b,__rustc::__rdl_realloc,other,30303030,0.0303,0.1266,30303030,0.0303,0.1266,23939393700,23.939
e3-1b,pyo3::types::string::PyString::new,cpython,30303030,0.0303,0.1266,10101010,0.0101,0.0422,23939393700,23.939
e3-1b,PlogFlush,other,20202020,0.0202,0.0844,0,0.0,0.0,23939393700,23.939
e3-1b,do_syscall_64_[k],other,20202020,0.0202,0.0844,0,0.0,0.0,23939393700,23.939
e3-1b,entry_SYSCALL_64_after_hwframe_[k],other,20202020,0.0202,0.0844,0,0.0,0.0,23939393700,23.939
e3-1b,_PyDict_SetItem_Take2,cpython,20202020,0.0202,0.0844,10101010,0.0101,0.0422,23939393700,23.939
e3-1b,<pyo3::internal::state::SuspendAttach as core::ops::drop::Drop>::drop,other,20202020,0.0202,0.0844,0,0.0,0.0,23939393700,23.939
e3-1b,core::ptr::drop_in_place<tokenizers::tokenizer::encoding::Encoding>,rust-stdlib-or-dep,20202020,0.0202,0.0844,10101010,0.0101,0.0422,23939393700,23.939
e3-1b,[libpython3.12.so.1.0],shared-lib,20202020,0.0202,0.0844,0,0.0,0.0,23939393700,23.939
e3-1b,PyList_New,cpython,20202020,0.0202,0.0844,0,0.0,0.0,23939393700,23.939
e3-1b,PyObject_Malloc,cpython,20202020,0.0202,0.0844,20202020,0.0202,0.0844,23939393700,23.939
e3-1b,_PyBytesWriter_Prepare,cpython,20202020,0.0202,0.0844,0,0.0,0.0,23939393700,23.939
e3-1b,_PyBytesWriter_Resize,cpython,20202020,0.0202,0.0844,0,0.0,0.0,23939393700,23.939
e3-1b,tokenizers::tokenizer::<impl pyo3::impl_::pyclass::PyMethods<tokenizers::tokenizer::PyTokenizer> for pyo3::impl_::pyclass::PyClassImplCollector<tokenizers::tokenizer::PyTokenizer>>::py_methods::ITEMS::trampoline,rust-tokenizers,20202020,0.0202,0.0844,20202020,0.0202,0.0844,23939393700,23.939
e3-1b,__libc_calloc,other,20202020,0.0202,0.0844,0,0.0,0.0,23939393700,23.939
e3-1b,"tokenizers::tokenizer::TokenizerImpl<M,N,PT,PP,D>::post_process",rust-tokenizers,20202020,0.0202,0.0844,0,0.0,0.0,23939393700,23.939
e3-1b,BaseException_clear,other,20202020,0.0202,0.0844,10101010,0.0101,0.0422,23939393700,23.939
e3-1b,PyCell_New,cpython,20202020,0.0202,0.0844,0,0.0,0.0,23939393700,23.939
e3-1b,PyDict_Contains,cpython,20202020,0.0202,0.0844,0,0.0,0.0,23939393700,23.939
e3-1b,binary_op,other,20202020,0.0202,0.0844,0,0.0,0.0,23939393700,23.939
e3-1b,PyNumber_Remainder,cpython,20202020,0.0202,0.0844,0,0.0,0.0,23939393700,23.939
e3-1b,fast_mod,other,20202020,0.0202,0.0844,0,0.0,0.0,23939393700,23.939
e3-1b,binary_op1,other,20202020,0.0202,0.0844,0,0.0,0.0,23939393700,23.939
e3-1b,_PyLong_CompactSign,cpython,20202020,0.0202,0.0844,20202020,0.0202,0.0844,23939393700,23.939
e3-1b,long_mod,other,20202020,0.0202,0.0844,0,0.0,0.0,23939393700,23.939
e3-1b,l_mod,other,20202020,0.0202,0.0844,0,0.0,0.0,23939393700,23.939
e3-1b,PyDict_GetItemWithError,cpython,20202020,0.0202,0.0844,0,0.0,0.0,23939393700,23.939
e3-1b,slot_tp_descr_get,other,20202020,0.0202,0.0844,0,0.0,0.0,23939393700,23.939
e3-1b,do_richcompare,other,20202020,0.0202,0.0844,0,0.0,0.0,23939393700,23.939
e3-1b,PyObject_RichCompare,cpython,20202020,0.0202,0.0844,0,0.0,0.0,23939393700,23.939
e3-1b,_PyTime_AsSecondsDouble,cpython,20202020,0.0202,0.0844,20202020,0.0202,0.0844,23939393700,23.939
e3-1b,_PyFloat_FromPyTime,cpython,20202020,0.0202,0.0844,0,0.0,0.0,23939393700,23.939
e3-1b,__vdso_clock_gettime_[k],other,20202020,0.0202,0.0844,20202020,0.0202,0.0844,23939393700,23.939
e3-1b,acquire_timed,other,20202020,0.0202,0.0844,0,0.0,0.0,23939393700,23.939
e3-1b,PyThread_acquire_lock_timed,cpython,20202020,0.0202,0.0844,10101010,0.0101,0.0422,23939393700,23.939
e3-1b,lock_PyThread_acquire_lock,cpython,20202020,0.0202,0.0844,0,0.0,0.0,23939393700,23.939
e3-1b,_PyTraceBack_FromFrame,cpython,20202020,0.0202,0.0844,0,0.0,0.0,23939393700,23.939
e3-1b,PyTraceBack_Here,cpython,20202020,0.0202,0.0844,0,0.0,0.0,23939393700,23.939
e3-1b,_PyObject_SIZE,cpython,20202020,0.0202,0.0844,20202020,0.0202,0.0844,23939393700,23.939
e3-1b,tb_create_raw,other,20202020,0.0202,0.0844,0,0.0,0.0,23939393700,23.939
e3-1b,dict_new_presized,other,20202020,0.0202,0.0844,0,0.0,0.0,23939393700,23.939
e3-1b,new_dict,other,20202020,0.0202,0.0844,10101010,0.0101,0.0422,23939393700,23.939
e3-1b,_PyErr_CreateException,cpython,20202020,0.0202,0.0844,0,0.0,0.0,23939393700,23.939
e3-1b,_PyErr_SetObject,cpython,20202020,0.0202,0.0844,0,0.0,0.0,23939393700,23.939
e3-1b,__tls_get_addr@plt,other,20202020,0.0202,0.0844,20202020,0.0202,0.0844,23939393700,23.939
e3-1b,PyVectorcall_Function,cpython,20202020,0.0202,0.0844,0,0.0,0.0,23939393700,23.939
e3-1b,_PyStack_UnpackDict_Free,cpython,20202020,0.0202,0.0844,0,0.0,0.0,23939393700,23.939
e3-1b,_PyType_GetDict,cpython,20202020,0.0202,0.0844,10101010,0.0101,0.0422,23939393700,23.939
e3-1b,_PyType_IsReady,cpython,20202020,0.0202,0.0844,0,0.0,0.0,23939393700,23.939
e3-1b,lookup_tp_dict,other,20202020,0.0202,0.0844,20202020,0.0202,0.0844,23939393700,23.939
e3-1b,defdict_init,other,20202020,0.0202,0.0844,0,0.0,0.0,23939393700,23.939
e3-1b,_Py_CheckFunctionResult,cpython,20202020,0.0202,0.0844,20202020,0.0202,0.0844,23939393700,23.939
e3-1b,dict_merge,other,20202020,0.0202,0.0844,0,0.0,0.0,23939393700,23.939
e3-1b,defdict_missing,other,20202020,0.0202,0.0844,0,0.0,0.0,23939393700,23.939
e3-1b,cfunction_vectorcall_O,other,20202020,0.0202,0.0844,0,0.0,0.0,23939393700,23.939
e3-1b,insert_to_emptydict,other,20202020,0.0202,0.0844,10101010,0.0101,0.0422,23939393700,23.939
e3-1b,list_contains,other,20202020,0.0202,0.0844,0,0.0,0.0,23939393700,23.939
e3-1b,pyo3::impl_::extract_argument::FunctionDescription::extract_arguments_tuple_dict,other,20202020,0.0202,0.0844,10101010,0.0101,0.0422,23939393700,23.939
e3-1b,unicode_encode,other,20202020,0.0202,0.0844,10101010,0.0101,0.0422,23939393700,23.939
e3-1b,"alloc::raw_vec::RawVec<T,A>::grow_one",rust-stdlib-or-dep,20202020,0.0202,0.0844,20202020,0.0202,0.0844,23939393700,23.939
e3-1b,core::ops::function::FnOnce::call_once,rust-stdlib-or-dep,20202020,0.0202,0.0844,20202020,0.0202,0.0844,23939393700,23.939
e3-1b,onig_free_match_param,other,20202020,0.0202,0.0844,20202020,0.0202,0.0844,23939393700,23.939
e3-1b,onig_initialize_match_param,other,20202020,0.0202,0.0844,20202020,0.0202,0.0844,23939393700,23.939
e3-1b,onig_new_match_param,other,20202020,0.0202,0.0844,10101010,0.0101,0.0422,23939393700,23.939
e3-1b,schedule_[k],other,10101010,0.0101,0.0422,0,0.0,0.0,23939393700,23.939
e3-1b,do_nanosleep_[k],other,10101010,0.0101,0.0422,0,0.0,0.0,23939393700,23.939
e3-1b,__x64_sys_clock_nanosleep_[k],other,10101010,0.0101,0.0422,0,0.0,0.0,23939393700,23.939
e3-1b,__schedule_[k],other,10101010,0.0101,0.0422,0,0.0,0.0,23939393700,23.939
e3-1b,hrtimer_nanosleep_[k],other,10101010,0.0101,0.0422,0,0.0,0.0,23939393700,23.939
e3-1b,common_nsleep_[k],other,10101010,0.0101,0.0422,0,0.0,0.0,23939393700,23.939
e3-1b,finish_task_switch.isra.0_[k],other,10101010,0.0101,0.0422,10101010,0.0101,0.0422,23939393700,23.939
e3-1b,PyType_GetSlot,cpython,10101010,0.0101,0.0422,10101010,0.0101,0.0422,23939393700,23.939
e3-1b,siphash13,other,10101010,0.0101,0.0422,10101010,0.0101,0.0422,23939393700,23.939
e3-1b,_Py_HashBytes,cpython,10101010,0.0101,0.0422,0,0.0,0.0,23939393700,23.939
e3-1b,PyDict_SetItem,cpython,10101010,0.0101,0.0422,0,0.0,0.0,23939393700,23.939
e3-1b,unicode_hash,other,10101010,0.0101,0.0422,0,0.0,0.0,23939393700,23.939
e3-1b,<pyo3::instance::Bound<pyo3::types::dict::PyDict> as pyo3::types::dict::PyDictMethods>::set_item::inner,cpython,10101010,0.0101,0.0422,0,0.0,0.0,23939393700,23.939
e3-1b,take_gil,other,10101010,0.0101,0.0422,0,0.0,0.0,23939393700,23.939
e3-1b,_PyThreadState_MustExit,cpython,10101010,0.0101,0.0422,0,0.0,0.0,23939393700,23.939
e3-1b,_PyRuntimeState_GetFinalizing,cpython,10101010,0.0101,0.0422,10101010,0.0101,0.0422,23939393700,23.939
e3-1b,PyEval_RestoreThread,cpython,10101010,0.0101,0.0422,0,0.0,0.0,23939393700,23.939
e3-1b,_PyThreadState_SwapNoGIL,cpython,10101010,0.0101,0.0422,0,0.0,0.0,23939393700,23.939
e3-1b,_swap_thread_states,other,10101010,0.0101,0.0422,10101010,0.0101,0.0422,23939393700,23.939
e3-1b,<tokenizers::pre_tokenizers::PyPreTokenizerWrapper as tokenizers::tokenizer::PreTokenizer>::pre_tokenize,rust-tokenizers,10101010,0.0101,0.0422,10101010,0.0101,0.0422,23939393700,23.939
e3-1b,<tokenizers::tokenizer::encoding::Encoding as core::default::Default>::default,rust-tokenizers,10101010,0.0101,0.0422,10101010,0.0101,0.0422,23939393700,23.939
e3-1b,<ahash::random_state::DefaultRandomSource as ahash::random_state::RandomSource>::gen_hasher_seed,other,10101010,0.0101,0.0422,10101010,0.0101,0.0422,23939393700,23.939
e3-1b,<aho_corasick::dfa::DFA as aho_corasick::automaton::Automaton>::start_state,rust-stdlib-or-dep,10101010,0.0101,0.0422,10101010,0.0101,0.0422,23939393700,23.939
e3-1b,<tokenizers::tokenizer::pre_tokenizer::PreTokenizedString as core::convert::From<tokenizers::tokenizer::normalizer::NormalizedString>>::from,rust-tokenizers,10101010,0.0101,0.0422,0,0.0,0.0,23939393700,23.939
e3-1b,__rustc::__rust_realloc,other,10101010,0.0101,0.0422,10101010,0.0101,0.0422,23939393700,23.939
e3-1b,_PyMem_RawCalloc,cpython,10101010,0.0101,0.0422,10101010,0.0101,0.0422,23939393700,23.939
e3-1b,_PyObject_Calloc,cpython,10101010,0.0101,0.0422,0,0.0,0.0,23939393700,23.939
e3-1b,PyType_HasFeature,cpython,10101010,0.0101,0.0422,10101010,0.0101,0.0422,23939393700,23.939
e3-1b,allocate_from_new_pool,other,10101010,0.0101,0.0422,10101010,0.0101,0.0422,23939393700,23.939
e3-1b,pyo3::pyclass::create_type_object::GetSetDefType::create_py_get_set_def::getter,other,10101010,0.0101,0.0422,10101010,0.0101,0.0422,23939393700,23.939
e3-1b,tokenizers::tokenizer::encoding::Encoding::set_sequence_id,rust-tokenizers,10101010,0.0101,0.0422,10101010,0.0101,0.0422,23939393700,23.939
e3-1b,BaseException_dealloc,other,10101010,0.0101,0.0422,0,0.0,0.0,23939393700,23.939
e3-1b,new_reference,other,10101010,0.0101,0.0422,10101010,0.0101,0.0422,23939393700,23.939
e3-1b,PyObject_GC_Del,cpython,10101010,0.0101,0.0422,0,0.0,0.0,23939393700,23.939
e3-1b,pyo3::types::dict::PyDict::new,cpython,10101010,0.0101,0.0422,0,0.0,0.0,23939393700,23.939
e3-1b,_PyType_Lookup@plt,cpython,10101010,0.0101,0.0422,10101010,0.0101,0.0422,23939393700,23.939
e3-1b,PyObject_TypeCheck,cpython,10101010,0.0101,0.0422,0,0.0,0.0,23939393700,23.939
e3-1b,descr_check,other,10101010,0.0101,0.0422,0,0.0,0.0,23939393700,23.939
e3-1b,subtype_dict,other,10101010,0.0101,0.0422,0,0.0,0.0,23939393700,23.939
e3-1b,get_builtin_base_with_dict,other,10101010,0.0101,0.0422,10101010,0.0101,0.0422,23939393700,23.939
e3-1b,type_name,other,10101010,0.0101,0.0422,0,0.0,0.0,23939393700,23.939
e3-1b,PyObject_GetItem,cpython,10101010,0.0101,0.0422,10101010,0.0101,0.0422,23939393700,23.939
e3-1b,PyObject_GetIter,cpython,10101010,0.0101,0.0422,0,0.0,0.0,23939393700,23.939
e3-1b,slot_tp_iter,other,10101010,0.0101,0.0422,0,0.0,0.0,23939393700,23.939
e3-1b,dict_richcompare,other,10101010,0.0101,0.0422,0,0.0,0.0,23939393700,23.939
e3-1b,dict_equal,other,10101010,0.0101,0.0422,10101010,0.0101,0.0422,23939393700,23.939
e3-1b,_PyObject_StoreInstanceAttribute,cpython,10101010,0.0101,0.0422,10101010,0.0101,0.0422,23939393700,23.939
e3-1b,_PyObject_GenericSetAttrWithDict,cpython,10101010,0.0101,0.0422,0,0.0,0.0,23939393700,23.939
e3-1b,_PyTime_GetMonotonicClockWithInfo,cpython,10101010,0.0101,0.0422,0,0.0,0.0,23939393700,23.939
e3-1b,py_get_monotonic_clock,other,10101010,0.0101,0.0422,0,0.0,0.0,23939393700,23.939
e3-1b,clock_gettime,other,10101010,0.0101,0.0422,0,0.0,0.0,23939393700,23.939
e3-1b,get_perf_counter,other,10101010,0.0101,0.0422,0,0.0,0.0,23939393700,23.939
e3-1b,_PyArg_ParseTuple_SizeT,cpython,10101010,0.0101,0.0422,0,0.0,0.0,23939393700,23.939
e3-1b,method_vectorcall_VARARGS,other,10101010,0.0101,0.0422,0,0.0,0.0,23939393700,23.939
e3-1b,asciilib_parse_args_finds,other,10101010,0.0101,0.0422,0,0.0,0.0,23939393700,23.939
e3-1b,vgetargs1,other,10101010,0.0101,0.0422,0,0.0,0.0,23939393700,23.939
e3-1b,unicode_endswith,other,10101010,0.0101,0.0422,0,0.0,0.0,23939393700,23.939
e3-1b,vgetargs1_impl,other,10101010,0.0101,0.0422,10101010,0.0101,0.0422,23939393700,23.939
e3-1b,_PyTrash_begin,cpython,10101010,0.0101,0.0422,10101010,0.0101,0.0422,23939393700,23.939
e3-1b,_Py_LeaveRecursiveCallTstate,cpython,10101010,0.0101,0.0422,10101010,0.0101,0.0422,23939393700,23.939
e3-1b,_PyTime_Add,cpython,10101010,0.0101,0.0422,0,0.0,0.0,23939393700,23.939
e3-1b,pytime_add,other,10101010,0.0101,0.0422,10101010,0.0101,0.0422,23939393700,23.939
e3-1b,PySequence_Contains,cpython,10101010,0.0101,0.0422,10101010,0.0101,0.0422,23939393700,23.939
e3-1b,StopIteration_dealloc,other,10101010,0.0101,0.0422,0,0.0,0.0,23939393700,23.939
e3-1b,StopIteration_clear,other,10101010,0.0101,0.0422,0,0.0,0.0,23939393700,23.939
e3-1b,_PyDict_NotifyEvent,cpython,10101010,0.0101,0.0422,10101010,0.0101,0.0422,23939393700,23.939
e3-1b,PyTuple_Pack,cpython,10101010,0.0101,0.0422,0,0.0,0.0,23939393700,23.939
e3-1b,tuple_alloc,other,10101010,0.0101,0.0422,10101010,0.0101,0.0422,23939393700,23.939
e3-1b,clear_gen_frame,other,10101010,0.0101,0.0422,0,0.0,0.0,23939393700,23.939
e3-1b,get_list_state,other,10101010,0.0101,0.0422,0,0.0,0.0,23939393700,23.939
e3-1b,defdict_dealloc,other,10101010,0.0101,0.0422,0,0.0,0.0,23939393700,23.939
e3-1b,_PyFrame_MakeAndSetFrameObject,cpython,10101010,0.0101,0.0422,0,0.0,0.0,23939393700,23.939
e3-1b,_PyFrame_GetFrameObject,cpython,10101010,0.0101,0.0422,0,0.0,0.0,23939393700,23.939
e3-1b,_PyFrame_New_NoTrack,cpython,10101010,0.0101,0.0422,0,0.0,0.0,23939393700,23.939
e3-1b,_Py_IsImmortal,cpython,10101010,0.0101,0.0422,10101010,0.0101,0.0422,23939393700,23.939
e3-1b,_PyStack_UnpackDict_FreeNoDecRef,cpython,10101010,0.0101,0.0422,0,0.0,0.0,23939393700,23.939
e3-1b,PyMethod_New,cpython,10101010,0.0101,0.0422,0,0.0,0.0,23939393700,23.939
e3-1b,_PyObject_GetInstanceAttribute,cpython,10101010,0.0101,0.0422,0,0.0,0.0,23939393700,23.939
e3-1b,Py_XINCREF,cpython,10101010,0.0101,0.0422,0,0.0,0.0,23939393700,23.939
e3-1b,_Py_XNewRef,cpython,10101010,0.0101,0.0422,0,0.0,0.0,23939393700,23.939
e3-1b,PyDictProxy_New,cpython,10101010,0.0101,0.0422,0,0.0,0.0,23939393700,23.939
e3-1b,cfunction_call,other,10101010,0.0101,0.0422,0,0.0,0.0,23939393700,23.939
e3-1b,builtin_vars,other,10101010,0.0101,0.0422,0,0.0,0.0,23939393700,23.939
e3-1b,mappingproxy_check_mapping,other,10101010,0.0101,0.0422,0,0.0,0.0,23939393700,23.939
e3-1b,PyMapping_Check,cpython,10101010,0.0101,0.0422,10101010,0.0101,0.0422,23939393700,23.939
e3-1b,_PyEval_SliceIndex,cpython,10101010,0.0101,0.0422,0,0.0,0.0,23939393700,23.939
e3-1b,PySequence_GetSlice,cpython,10101010,0.0101,0.0422,0,0.0,0.0,23939393700,23.939
e3-1b,_PyIndex_Check,cpython,10101010,0.0101,0.0422,10101010,0.0101,0.0422,23939393700,23.939
e3-1b,tuplesubscript,other,10101010,0.0101,0.0422,0,0.0,0.0,23939393700,23.939
e3-1b,PySlice_Unpack,cpython,10101010,0.0101,0.0422,0,0.0,0.0,23939393700,23.939
e3-1b,dict_update_common,other,10101010,0.0101,0.0422,0,0.0,0.0,23939393700,23.939
e3-1b,dict_init,other,10101010,0.0101,0.0422,0,0.0,0.0,23939393700,23.939
e3-1b,PyArg_UnpackTuple,cpython,10101010,0.0101,0.0422,10101010,0.0101,0.0422,23939393700,23.939
e3-1b,_PyStack_UnpackDict,cpython,10101010,0.0101,0.0422,0,0.0,0.0,23939393700,23.939
e3-1b,_PySuper_Lookup,cpython,10101010,0.0101,0.0422,0,0.0,0.0,23939393700,23.939
e3-1b,do_super_lookup,other,10101010,0.0101,0.0422,0,0.0,0.0,23939393700,23.939
e3-1b,_super_lookup_descr,other,10101010,0.0101,0.0422,0,0.0,0.0,23939393700,23.939
e3-1b,_PyUnicode_COMPACT_DATA,cpython,10101010,0.0101,0.0422,10101010,0.0101,0.0422,23939393700,23.939
e3-1b,PyUnicode_DATA,cpython,10101010,0.0101,0.0422,0,0.0,0.0,23939393700,23.939
e3-1b,_PyUnicode_JoinArray,cpython,10101010,0.0101,0.0422,0,0.0,0.0,23939393700,23.939
e3-1b,PySet_Contains,cpython,10101010,0.0101,0.0422,0,0.0,0.0,23939393700,23.939
e3-1b,set_contains_key,other,10101010,0.0101,0.0422,0,0.0,0.0,23939393700,23.939
e3-1b,set_contains_entry,other,10101010,0.0101,0.0422,0,0.0,0.0,23939393700,23.939
e3-1b,set_lookkey,other,10101010,0.0101,0.0422,10101010,0.0101,0.0422,23939393700,23.939
e3-1b,_in_weak_set,other,10101010,0.0101,0.0422,0,0.0,0.0,23939393700,23.939
e3-1b,frame_dealloc,other,10101010,0.0101,0.0422,10101010,0.0101,0.0422,23939393700,23.939
e3-1b,AttributeError_dealloc,other,10101010,0.0101,0.0422,0,0.0,0.0,23939393700,23.939
e3-1b,tb_dealloc,other,10101010,0.0101,0.0422,0,0.0,0.0,23939393700,23.939
e3-1b,dict_get,other,10101010,0.0101,0.0422,10101010,0.0101,0.0422,23939393700,23.939
e3-1b,_PyDict_Contains_KnownHash,cpython,10101010,0.0101,0.0422,0,0.0,0.0,23939393700,23.939
e3-1b,_PyDict_Next,cpython,10101010,0.0101,0.0422,10101010,0.0101,0.0422,23939393700,23.939
e3-1b,dict_pop,other,10101010,0.0101,0.0422,10101010,0.0101,0.0422,23939393700,23.939
e3-1b,list_vectorcall,other,10101010,0.0101,0.0422,0,0.0,0.0,23939393700,23.939
e3-1b,_PyObject_GC_MAY_BE_TRACKED,cpython,10101010,0.0101,0.0422,0,0.0,0.0,23939393700,23.939
e3-1b,PyObject_IS_GC,cpython,10101010,0.0101,0.0422,0,0.0,0.0,23939393700,23.939
e3-1b,_PyObject_IS_GC,cpython,10101010,0.0101,0.0422,0,0.0,0.0,23939393700,23.939
e3-1b,_DK_ENTRIES,other,10101010,0.0101,0.0422,10101010,0.0101,0.0422,23939393700,23.939
e3-1b,DK_UNICODE_ENTRIES,other,10101010,0.0101,0.0422,0,0.0,0.0,23939393700,23.939
e3-1b,unicode_compare_eq,other,10101010,0.0101,0.0422,10101010,0.0101,0.0422,23939393700,23.939
e3-1b,PyObject_RichCompareBool,cpython,10101010,0.0101,0.0422,0,0.0,0.0,23939393700,23.939
e3-1b,PyUnicode_RichCompare,cpython,10101010,0.0101,0.0422,0,0.0,0.0,23939393700,23.939
e3-1b,pyo3::types::tuple::BorrowedTupleIterator::get_item,other,10101010,0.0101,0.0422,10101010,0.0101,0.0422,23939393700,23.939
e3-1b,read_u16,other,10101010,0.0101,0.0422,10101010,0.0101,0.0422,23939393700,23.939
e3-1b,PyObject_Free,cpython,10101010,0.0101,0.0422,10101010,0.0101,0.0422,23939393700,23.939
e3-1b,_Py_Dealloc,cpython,10101010,0.0101,0.0422,10101010,0.0101,0.0422,23939393700,23.939
e3-1b,maybe_freelist_push,other,10101010,0.0101,0.0422,0,0.0,0.0,23939393700,23.939
e3-1b,_Py_normalize_encoding,cpython,10101010,0.0101,0.0422,10101010,0.0101,0.0422,23939393700,23.939
e3-1b,unicode_encode_impl,other,10101010,0.0101,0.0422,0,0.0,0.0,23939393700,23.939
e3-1b,PyUnicode_AsEncodedString,cpython,10101010,0.0101,0.0422,0,0.0,0.0,23939393700,23.939
e3-1b,_Py_TrueStruct,cpython,10101010,0.0101,0.0422,0,0.0,0.0,23939393700,23.939
e3-1b,_PyObject_GC_TRACK,cpython,10101010,0.0101,0.0422,10101010,0.0101,0.0422,23939393700,23.939
e3-1b,core::ptr::drop_in_place<pyo3::err::PyErr>,rust-stdlib-or-dep,10101010,0.0101,0.0422,10101010,0.0101,0.0422,23939393700,23.939
e3-1b,ksys_write_[k],other,10101010,0.0101,0.0422,0,0.0,0.0,23939393700,23.939
e3-1b,fdget_pos_[k],other,10101010,0.0101,0.0422,10101010,0.0101,0.0422,23939393700,23.939
e3-1b,onig_free_match_param_content,other,10101010,0.0101,0.0422,10101010,0.0101,0.0422,23939393700,23.939
e3-1b,onig_region_clear,other,10101010,0.0101,0.0422,10101010,0.0101,0.0422,23939393700,23.939
e3-1b,pyo3::err::err_state::PyErrStateNormalized::take,cpython,10101010,0.0101,0.0422,0,0.0,0.0,23939393700,23.939
e3-1b,PyErr_Fetch,cpython,10101010,0.0101,0.0422,10101010,0.0101,0.0422,23939393700,23.939
e3-1b,pyo3::impl_::pyclass::tp_dealloc,other,10101010,0.0101,0.0422,10101010,0.0101,0.0422,23939393700,23.939
e3-1b,PyDict_Size,cpython,10101010,0.0101,0.0422,10101010,0.0101,0.0422,23939393700,23.939
e3-1b,pyo3::types::dict::<impl pyo3::instance::Borrowed<pyo3::types::dict::PyDict>>::iter_borrowed,cpython,10101010,0.0101,0.0422,0,0.0,0.0,23939393700,23.939
e3-1b,pyo3::types::sequence::<impl pyo3::conversion::FromPyObject for alloc::vec::Vec<T>>::extract_bound,cpython,10101010,0.0101,0.0422,0,0.0,0.0,23939393700,23.939
e3-1b,PySequence_Check,cpython,10101010,0.0101,0.0422,10101010,0.0101,0.0422,23939393700,23.939
e3-1b,PyUnicode_FromStringAndSize,cpython,10101010,0.0101,0.0422,10101010,0.0101,0.0422,23939393700,23.939
e3-1b,ascii_decode,other,10101010,0.0101,0.0422,10101010,0.0101,0.0422,23939393700,23.939
e3-1b,unicode_decode_utf8,other,10101010,0.0101,0.0422,0,0.0,0.0,23939393700,23.939
e3-1b,tokenizers::encoding::PyEncoding::__pymethod_get_get_ids__,rust-tokenizers,10101010,0.0101,0.0422,10101010,0.0101,0.0422,23939393700,23.939
e3-1b,tokenizers::tokenizer::encoding::Encoding::with_capacity,rust-tokenizers,10101010,0.0101,0.0422,10101010,0.0101,0.0422,23939393700,23.939
e3-1b,tokenizers::utils::onig::<impl tokenizers::tokenizer::pattern::Pattern for &onig::Regex>::find_matches,rust-tokenizers,10101010,0.0101,0.0422,10101010,0.0101,0.0422,23939393700,23.939
e3-1b,std::sys::env::unix::getenv::{{closure}},other,10101010,0.0101,0.0422,10101010,0.0101,0.0422,23939393700,23.939
e3-1b,std::env::_var,other,10101010,0.0101,0.0422,0,0.0,0.0,23939393700,23.939
e3-1b,tokenizers::utils::parallelism::get_parallelism,rust-tokenizers,10101010,0.0101,0.0422,0,0.0,0.0,23939393700,23.939
e3-1b,<CLASS TOTAL> rust-stdlib-or-dep,rust-stdlib-or-dep,,,,11525252410,11.5253,48.1435,23939393700,23.939
e3-1b,<CLASS TOTAL> other,other,,,,4717171670,4.7172,19.7046,23939393700,23.939
e3-1b,<CLASS TOTAL> rust-tokenizers,rust-tokenizers,,,,3797979760,3.798,15.865,23939393700,23.939
e3-1b,<CLASS TOTAL> cpython,cpython,,,,2272727250,2.2727,9.4937,23939393700,23.939
e3-1b,<CLASS TOTAL> shared-lib,shared-lib,,,,1383838370,1.3838,5.7806,23939393700,23.939
e3-1b,<CLASS TOTAL> libc-alloc-mem,libc-alloc-mem,,,,242424240,0.2424,1.0127,23939393700,23.939
e3-1c,python3,cpython,28696969410,28.697,99.9297,0,0.0,0.0,28717171430,28.717
e3-1c,[libc.so.6],shared-lib,13363636230,13.3636,46.5353,13292929160,13.2929,46.2891,28717171430,28.717
e3-1c,_PyEval_EvalFrameDefault,cpython,6252525190,6.2525,21.7728,1060606050,1.0606,3.6933,28717171430,28.717
e3-1c,malloc,libc-alloc-mem,5909090850,5.9091,20.5769,1111111100,1.1111,3.8692,28717171430,28.717
e3-1c,realloc,libc-alloc-mem,2959595930,2.9596,10.306,383838380,0.3838,1.3366,28717171430,28.717
e3-1c,[unknown],shared-lib,2757575730,2.7576,9.6025,0,0.0,0.0,28717171430,28.717
e3-1c,cfree,libc-alloc-mem,2080808060,2.0808,7.2459,969696960,0.9697,3.3767,28717171430,28.717
e3-1c,"<core::iter::adapters::map::Map<I,F> as core::iter::traits::iterator::Iterator>::fold",rust-stdlib-or-dep,1050505040,1.0505,3.6581,717171710,0.7172,2.4974,28717171430,28.717
e3-1c,_PyObject_VectorcallTstate,cpython,878787870,0.8788,3.0601,50505050,0.0505,0.1759,28717171430,28.717
e3-1c,_PyObject_Malloc,cpython,808080800,0.8081,2.8139,10101010,0.0101,0.0352,28717171430,28.717
e3-1c,Py_INCREF,cpython,757575750,0.7576,2.6381,757575750,0.7576,2.6381,28717171430,28.717
e3-1c,_PyObject_MakeTpCall,cpython,727272720,0.7273,2.5325,0,0.0,0.0,28717171430,28.717
e3-1c,match_at,other,595959590,0.596,2.0753,484848480,0.4848,1.6884,28717171430,28.717
e3-1c,alloc::raw_vec::RawVecInner<A>::finish_grow,rust-stdlib-or-dep,585858580,0.5859,2.0401,141414140,0.1414,0.4924,28717171430,28.717
e3-1c,PyObject_Vectorcall,cpython,575757570,0.5758,2.0049,0,0.0,0.0,28717171430,28.717
e3-1c,PyObject_GetAttr,cpython,565656560,0.5657,1.9698,20202020,0.0202,0.0703,28717171430,28.717
e3-1c,search_in_range.part.0,other,565656560,0.5657,1.9698,10101010,0.0101,0.0352,28717171430,28.717
e3-1c,"<alloc::vec::Vec<T> as alloc::vec::spec_from_iter_nested::SpecFromIterNested<T,I>>::from_iter",rust-stdlib-or-dep,545454540,0.5455,1.8994,222222220,0.2222,0.7738,28717171430,28.717
e3-1c,Py_DECREF,cpython,545454540,0.5455,1.8994,90909090,0.0909,0.3166,28717171430,28.717
e3-1c,tokenizers::tokenizer::normalizer::NormalizedString::slice,rust-tokenizers,505050500,0.5051,1.7587,141414140,0.1414,0.4924,28717171430,28.717
e3-1c,"tokenizers::utils::cache::Cache<K,V>::get",rust-tokenizers,464646460,0.4646,1.618,383838380,0.3838,1.3366,28717171430,28.717
e3-1c,PyUnicode_New,cpython,464646460,0.4646,1.618,0,0.0,0.0,28717171430,28.717
e3-1c,_PyObject_GenericGetAttrWithDict,cpython,454545450,0.4545,1.5828,50505050,0.0505,0.1759,28717171430,28.717
e3-1c,"hashbrown::map::HashMap<K,V,S,A>::insert",rust-stdlib-or-dep,434343430,0.4343,1.5125,434343430,0.4343,1.5125,28717171430,28.717
e3-1c,core::hash::BuildHasher::hash_one,rust-stdlib-or-dep,424242420,0.4242,1.4773,424242420,0.4242,1.4773,28717171430,28.717
e3-1c,PyUnicode_Concat,cpython,414141410,0.4141,1.4421,0,0.0,0.0,28717171430,28.717
e3-1c,Py_XDECREF,cpython,404040400,0.404,1.407,70707070,0.0707,0.2462,28717171430,28.717
e3-1c,"<alloc::vec::into_iter::IntoIter<T,A> as core::iter::traits::iterator::Iterator>::fold",rust-stdlib-or-dep,363636360,0.3636,1.2663,363636360,0.3636,1.2663,28717171430,28.717
e3-1c,_PyObject_Call,cpython,363636360,0.3636,1.2663,10101010,0.0101,0.0352,28717171430,28.717
e3-1c,"hashbrown::raw::RawTable<T,A>::reserve_rehash",rust-stdlib-or-dep,323232320,0.3232,1.1256,323232320,0.3232,1.1256,28717171430,28.717
e3-1c,pymalloc_alloc,other,323232320,0.3232,1.1256,272727270,0.2727,0.9497,28717171430,28.717
e3-1c,core::iter::adapters::flatten::and_then_or_clear,rust-stdlib-or-dep,323232320,0.3232,1.1256,242424240,0.2424,0.8442,28717171430,28.717
e3-1c,type_call,other,313131310,0.3131,1.0904,20202020,0.0202,0.0703,28717171430,28.717
e3-1c,tokenizers::tokenizer::normalizer::NormalizedString::transform_range,rust-tokenizers,303030300,0.303,1.0552,222222220,0.2222,0.7738,28717171430,28.717
e3-1c,<tokenizers::models::bpe::model::BPE as tokenizers::tokenizer::Model>::tokenize,rust-tokenizers,292929290,0.2929,1.02,50505050,0.0505,0.1759,28717171430,28.717
e3-1c,_PyEvalFrameClearAndPop,cpython,292929290,0.2929,1.02,0,0.0,0.0,28717171430,28.717
e3-1c,_PyEval_Vector,cpython,292929290,0.2929,1.02,10101010,0.0101,0.0352,28717171430,28.717
e3-1c,_PyEvalFramePushAndInit,cpython,282828280,0.2828,0.9849,40404040,0.0404,0.1407,28717171430,28.717
e3-1c,_PyFrame_ClearExceptCode,cpython,272727270,0.2727,0.9497,60606060,0.0606,0.211,28717171430,28.717
e3-1c,clear_thread_frame,other,262626260,0.2626,0.9145,10101010,0.0101,0.0352,28717171430,28.717
e3-1c,_PyObject_Free,cpython,252525250,0.2525,0.8794,20202020,0.0202,0.0703,28717171430,28.717
e3-1c,encoder_call,other,252525250,0.2525,0.8794,0,0.0,0.0,28717171430,28.717
e3-1c,tupledealloc,other,242424240,0.2424,0.8442,30303030,0.0303,0.1055,28717171430,28.717
e3-1c,_PyVectorcall_Call,cpython,242424240,0.2424,0.8442,0,0.0,0.0,28717171430,28.717
e3-1c,tokenizers::tokenizer::normalizer::NormalizedString::convert_offsets,rust-tokenizers,232323230,0.2323,0.809,232323230,0.2323,0.809,28717171430,28.717
e3-1c,PyLong_FromLong,cpython,222222220,0.2222,0.7738,30303030,0.0303,0.1055,28717171430,28.717
e3-1c,encoder_listencode_dict,other,222222220,0.2222,0.7738,0,0.0,0.0,28717171430,28.717
e3-1c,encoder_listencode_obj,other,222222220,0.2222,0.7738,0,0.0,0.0,28717171430,28.717
e3-1c,initialize_locals,other,212121210,0.2121,0.7387,181818180,0.1818,0.6331,28717171430,28.717
e3-1c,encoder_encode_key_value,other,202020200,0.202,0.7035,20202020,0.0202,0.0703,28717171430,28.717
e3-1c,_PyRuntime,cpython,202020200,0.202,0.7035,0,0.0,0.0,28717171430,28.717
e3-1c,tokenizers::tokenizer::pre_tokenizer::PreTokenizedString::into_encoding,rust-tokenizers,202020200,0.202,0.7035,171717170,0.1717,0.598,28717171430,28.717
e3-1c,<unicode_normalization_alignments::decompose::Decompositions<I> as core::iter::traits::iterator::Iterator>::next,other,191919190,0.1919,0.6683,191919190,0.1919,0.6683,28717171430,28.717
e3-1c,pymalloc_free,other,191919190,0.1919,0.6683,60606060,0.0606,0.211,28717171430,28.717
e3-1c,_PyFunction_Vectorcall,cpython,191919190,0.1919,0.6683,191919190,0.1919,0.6683,28717171430,28.717
e3-1c,<alloc::string::String as core::clone::Clone>::clone,rust-stdlib-or-dep,181818180,0.1818,0.6331,30303030,0.0303,0.1055,28717171430,28.717
e3-1c,tokenizers::tokenizer::pre_tokenizer::BytesToCharOffsetConverter::convert,rust-tokenizers,181818180,0.1818,0.6331,181818180,0.1818,0.6331,28717171430,28.717
e3-1c,PyErr_Format,cpython,181818180,0.1818,0.6331,0,0.0,0.0,28717171430,28.717
e3-1c,_PyErr_FormatV,cpython,181818180,0.1818,0.6331,0,0.0,0.0,28717171430,28.717
e3-1c,py_trampoline_evaluator,other,181818180,0.1818,0.6331,60606060,0.0606,0.211,28717171430,28.717
e3-1c,dict_dealloc,other,181818180,0.1818,0.6331,20202020,0.0202,0.0703,28717171430,28.717
e3-1c,dict_merge,other,171717170,0.1717,0.598,20202020,0.0202,0.0703,28717171430,28.717
e3-1c,list_dealloc,other,171717170,0.1717,0.598,0,0.0,0.0,28717171430,28.717
e3-1c,<core::hash::sip::Hasher<S> as core::hash::Hasher>::write,rust-stdlib-or-dep,161616160,0.1616,0.5628,161616160,0.1616,0.5628,28717171430,28.717
e3-1c,_PyType_Lookup,cpython,161616160,0.1616,0.5628,121212120,0.1212,0.4221,28717171430,28.717
e3-1c,_PyLong_FromMedium,cpython,151515150,0.1515,0.5276,20202020,0.0202,0.0703,28717171430,28.717
e3-1c,PyObject_CallOneArg,cpython,151515150,0.1515,0.5276,0,0.0,0.0,28717171430,28.717
e3-1c,dictkeys_decref,other,151515150,0.1515,0.5276,20202020,0.0202,0.0703,28717171430,28.717
e3-1c,_Py_dict_lookup,cpython,141414140,0.1414,0.4924,90909090,0.0909,0.3166,28717171430,28.717
e3-1c,PyUnicode_FromFormatV,cpython,141414140,0.1414,0.4924,30303030,0.0303,0.1055,28717171430,28.717
e3-1c,_Py_NewRef,cpython,141414140,0.1414,0.4924,0,0.0,0.0,28717171430,28.717
e3-1c,arena_map_is_used,other,141414140,0.1414,0.4924,90909090,0.0909,0.3166,28717171430,28.717
e3-1c,address_in_range,other,141414140,0.1414,0.4924,0,0.0,0.0,28717171430,28.717
e3-1c,"<alloc::vec::Vec<T,A> as alloc::vec::spec_extend::SpecExtend<T,I>>::spec_extend",rust-stdlib-or-dep,131313130,0.1313,0.4573,131313130,0.1313,0.4573,28717171430,28.717
e3-1c,PyType_GenericAlloc,cpython,131313130,0.1313,0.4573,0,0.0,0.0,28717171430,28.717
e3-1c,tokenizers::tokenizer::pre_tokenizer::PreTokenizedString::normalize,rust-tokenizers,131313130,0.1313,0.4573,121212120,0.1212,0.4221,28717171430,28.717
e3-1c,unicode_normalization_alignments::lookups::canonical_combining_class,other,131313130,0.1313,0.4573,131313130,0.1313,0.4573,28717171430,28.717
e3-1c,_PyObject_GetMethod,cpython,131313130,0.1313,0.4573,30303030,0.0303,0.1055,28717171430,28.717
e3-1c,_PyType_AllocNoTrack,cpython,121212120,0.1212,0.4221,0,0.0,0.0,28717171430,28.717
e3-1c,PyDict_GetItemWithError,cpython,121212120,0.1212,0.4221,50505050,0.0505,0.1759,28717171430,28.717
e3-1c,_Py_slot_tp_getattr_hook,cpython,121212120,0.1212,0.4221,0,0.0,0.0,28717171430,28.717
e3-1c,vectorcall_method,other,121212120,0.1212,0.4221,0,0.0,0.0,28717171430,28.717
e3-1c,_PyCode_GetExtra,cpython,121212120,0.1212,0.4221,10101010,0.0101,0.0352,28717171430,28.717
e3-1c,free_keys_object,other,121212120,0.1212,0.4221,0,0.0,0.0,28717171430,28.717
e3-1c,slot_tp_init,other,121212120,0.1212,0.4221,0,0.0,0.0,28717171430,28.717
e3-1c,__tls_get_addr,other,121212120,0.1212,0.4221,121212120,0.1212,0.4221,28717171430,28.717
e3-1c,"<alloc::vec::splice::Splice<I,A> as core::ops::drop::Drop>::drop",rust-stdlib-or-dep,111111110,0.1111,0.3869,111111110,0.1111,0.3869,28717171430,28.717
e3-1c,object_recursive_isinstance,other,111111110,0.1111,0.3869,10101010,0.0101,0.0352,28717171430,28.717
e3-1c,PyObject_IsInstance,cpython,111111110,0.1111,0.3869,0,0.0,0.0,28717171430,28.717
e3-1c,PyUnstable_Code_GetExtra,cpython,111111110,0.1111,0.3869,111111110,0.1111,0.3869,28717171430,28.717
e3-1c,_PyObject_Call_Prepend,cpython,111111110,0.1111,0.3869,0,0.0,0.0,28717171430,28.717
e3-1c,_PyObject_FastCallDictTstate,cpython,111111110,0.1111,0.3869,0,0.0,0.0,28717171430,28.717
e3-1c,dict_vectorcall,other,111111110,0.1111,0.3869,10101010,0.0101,0.0352,28717171430,28.717
e3-1c,_abc__abc_instancecheck,other,111111110,0.1111,0.3869,0,0.0,0.0,28717171430,28.717
e3-1c,_abc__abc_instancecheck_impl,other,111111110,0.1111,0.3869,0,0.0,0.0,28717171430,28.717
e3-1c,"alloc::vec::in_place_collect::<impl alloc::vec::spec_from_iter::SpecFromIter<T,I> for alloc::vec::Vec<T>>::from_iter",rust-stdlib-or-dep,101010100,0.101,0.3517,90909090,0.0909,0.3166,28717171430,28.717
e3-1c,pyo3::conversion::IntoPyObject::owned_sequence_into_pyobject,cpython,101010100,0.101,0.3517,0,0.0,0.0,28717171430,28.717
e3-1c,_PyObject_GC_TRACK,cpython,101010100,0.101,0.3517,30303030,0.0303,0.1055,28717171430,28.717
e3-1c,PyObject_SetAttr,cpython,101010100,0.101,0.3517,10101010,0.0101,0.0352,28717171430,28.717
e3-1c,vectorcall_unbound,other,101010100,0.101,0.3517,0,0.0,0.0,28717171430,28.717
e3-1c,_Py_type_getattro_impl,cpython,101010100,0.101,0.3517,10101010,0.0101,0.0352,28717171430,28.717
e3-1c,_PyObject_LookupAttr,cpython,101010100,0.101,0.3517,0,0.0,0.0,28717171430,28.717
e3-1c,method_vectorcall,other,101010100,0.101,0.3517,10101010,0.0101,0.0352,28717171430,28.717
e3-1c,_PyInterpreterState_GET,cpython,90909090,0.0909,0.3166,60606060,0.0606,0.211,28717171430,28.717
e3-1c,get_state,other,90909090,0.0909,0.3166,0,0.0,0.0,28717171430,28.717
e3-1c,<tokenizers::pre_tokenizers::PyPreTokenizerWrapper as tokenizers::tokenizer::PreTokenizer>::pre_tokenize,rust-tokenizers,90909090,0.0909,0.3166,0,0.0,0.0,28717171430,28.717
e3-1c,_Py_type_getattro,cpython,90909090,0.0909,0.3166,10101010,0.0101,0.0352,28717171430,28.717
e3-1c,dict_update_arg,other,90909090,0.0909,0.3166,0,0.0,0.0,28717171430,28.717
e3-1c,aho_corasick::automaton::try_find_fwd,rust-stdlib-or-dep,80808080,0.0808,0.2814,80808080,0.0808,0.2814,28717171430,28.717
e3-1c,gc_alloc,other,80808080,0.0808,0.2814,0,0.0,0.0,28717171430,28.717
e3-1c,PyObject_GetIter,cpython,80808080,0.0808,0.2814,20202020,0.0202,0.0703,28717171430,28.717
e3-1c,lookup_maybe_method,other,80808080,0.0808,0.2814,10101010,0.0101,0.0352,28717171430,28.717
e3-1c,insertdict,other,80808080,0.0808,0.2814,0,0.0,0.0,28717171430,28.717
e3-1c,subtype_dealloc,other,80808080,0.0808,0.2814,10101010,0.0101,0.0352,28717171430,28.717
e3-1c,bounded_lru_cache_wrapper,other,80808080,0.0808,0.2814,20202020,0.0202,0.0703,28717171430,28.717
e3-1c,_PyObject_Init,cpython,70707070,0.0707,0.2462,0,0.0,0.0,28717171430,28.717
e3-1c,_PyObject_GC_New,cpython,70707070,0.0707,0.2462,0,0.0,0.0,28717171430,28.717
e3-1c,method_vectorcall_VARARGS,other,70707070,0.0707,0.2462,0,0.0,0.0,28717171430,28.717
e3-1c,unicode_fromformat_arg,other,70707070,0.0707,0.2462,30303030,0.0303,0.1055,28717171430,28.717
e3-1c,_Py_module_getattro_impl,cpython,70707070,0.0707,0.2462,0,0.0,0.0,28717171430,28.717
e3-1c,set_orig_class,other,70707070,0.0707,0.2462,0,0.0,0.0,28717171430,28.717
e3-1c,_PyDict_FromItems,cpython,70707070,0.0707,0.2462,20202020,0.0202,0.0703,28717171430,28.717
e3-1c,_PySuper_Lookup,cpython,70707070,0.0707,0.2462,10101010,0.0101,0.0352,28717171430,28.717
e3-1c,tokenizers::tokenizer::pre_tokenizer::PreTokenizedString::split,rust-tokenizers,70707070,0.0707,0.2462,70707070,0.0707,0.2462,28717171430,28.717
e3-1c,unicode_normalization_alignments::lookups::canonical_fully_decomposed,other,70707070,0.0707,0.2462,70707070,0.0707,0.2462,28717171430,28.717
e3-1c,PyList_New,cpython,60606060,0.0606,0.211,10101010,0.0101,0.0352,28717171430,28.717
e3-1c,pyo3::conversions::std::num::<impl pyo3::conversion::IntoPyObject for u32>::into_pyobject,cpython,60606060,0.0606,0.211,0,0.0,0.0,28717171430,28.717
e3-1c,PyObject_GC_Del,cpython,60606060,0.0606,0.211,50505050,0.0505,0.1759,28717171430,28.717
e3-1c,binary_op,other,60606060,0.0606,0.211,0,0.0,0.0,28717171430,28.717
e3-1c,binary_op1,other,60606060,0.0606,0.211,0,0.0,0.0,28717171430,28.717
e3-1c,Py_TYPE,cpython,60606060,0.0606,0.211,60606060,0.0606,0.211,28717171430,28.717
e3-1c,_Py_module_getattro,cpython,60606060,0.0606,0.211,0,0.0,0.0,28717171430,28.717
e3-1c,_PyObject_GenericSetAttrWithDict,cpython,60606060,0.0606,0.211,0,0.0,0.0,28717171430,28.717
e3-1c,PyUnicode_Join,cpython,60606060,0.0606,0.211,0,0.0,0.0,28717171430,28.717
e3-1c,_PyObject_FreeInstanceAttributes,cpython,60606060,0.0606,0.211,0,0.0,0.0,28717171430,28.717
e3-1c,object_new,other,60606060,0.0606,0.211,0,0.0,0.0,28717171430,28.717
e3-1c,_PyStack_UnpackDict,cpython,60606060,0.0606,0.211,10101010,0.0101,0.0352,28717171430,28.717
e3-1c,_PyStack_UnpackDict_Free,cpython,60606060,0.0606,0.211,10101010,0.0101,0.0352,28717171430,28.717
e3-1c,_PyDict_GetItem_KnownHash,cpython,60606060,0.0606,0.211,30303030,0.0303,0.1055,28717171430,28.717
e3-1c,do_super_lookup,other,60606060,0.0606,0.211,0,0.0,0.0,28717171430,28.717
e3-1c,_super_lookup_descr,other,60606060,0.0606,0.211,20202020,0.0202,0.0703,28717171430,28.717
e3-1c,_in_weak_set,other,60606060,0.0606,0.211,10101010,0.0101,0.0352,28717171430,28.717
e3-1c,alloc::raw_vec::RawVecInner<A>::reserve::do_reserve_and_handle,rust-stdlib-or-dep,50505050,0.0505,0.1759,50505050,0.0505,0.1759,28717171430,28.717
e3-1c,PyList_SetItem,cpython,50505050,0.0505,0.1759,30303030,0.0303,0.1055,28717171430,28.717
e3-1c,get_small_int,other,50505050,0.0505,0.1759,50505050,0.0505,0.1759,28717171430,28.717
e3-1c,__rustc::__rust_no_alloc_shim_is_unstable_v2,other,50505050,0.0505,0.1759,50505050,0.0505,0.1759,28717171430,28.717
e3-1c,_Py_NewReference,cpython,50505050,0.0505,0.1759,40404040,0.0404,0.1407,28717171430,28.717
e3-1c,tb_dealloc,other,50505050,0.0505,0.1759,0,0.0,0.0,28717171430,28.717
e3-1c,pymalloc_pool_extend,other,50505050,0.0505,0.1759,50505050,0.0505,0.1759,28717171430,28.717
e3-1c,unicode_decode_utf8,other,50505050,0.0505,0.1759,10101010,0.0101,0.0352,28717171430,28.717
e3-1c,_PyErr_SetObject,cpython,50505050,0.0505,0.1759,0,0.0,0.0,28717171430,28.717
e3-1c,lookup_method,other,50505050,0.0505,0.1759,0,0.0,0.0,28717171430,28.717
e3-1c,_PyGCHead_SET_PREV,cpython,50505050,0.0505,0.1759,50505050,0.0505,0.1759,28717171430,28.717
e3-1c,arena_map_get,other,50505050,0.0505,0.1759,50505050,0.0505,0.1759,28717171430,28.717
e3-1c,object_isinstance,other,50505050,0.0505,0.1759,10101010,0.0101,0.0352,28717171430,28.717
e3-1c,_Py_IsImmortal,cpython,50505050,0.0505,0.1759,50505050,0.0505,0.1759,28717171430,28.717
e3-1c,method_vectorcall_VARARGS_KEYWORDS,other,50505050,0.0505,0.1759,0,0.0,0.0,28717171430,28.717
e3-1c,PyTraceBack_Here,cpython,50505050,0.0505,0.1759,0,0.0,0.0,28717171430,28.717
e3-1c,_copy_characters,other,50505050,0.0505,0.1759,20202020,0.0202,0.0703,28717171430,28.717
e3-1c,new_keys_object,other,50505050,0.0505,0.1759,20202020,0.0202,0.0703,28717171430,28.717
e3-1c,_PyFrame_GetFrameObject,cpython,50505050,0.0505,0.1759,10101010,0.0101,0.0352,28717171430,28.717
e3-1c,_PyStack_UnpackDict_FreeNoDecRef,cpython,50505050,0.0505,0.1759,0,0.0,0.0,28717171430,28.717
e3-1c,slot_mp_subscript,other,50505050,0.0505,0.1759,0,0.0,0.0,28717171430,28.717
e3-1c,insertion_resize,other,50505050,0.0505,0.1759,20202020,0.0202,0.0703,28717171430,28.717
e3-1c,_steal_accumulate,other,50505050,0.0505,0.1759,0,0.0,0.0,28717171430,28.717
e3-1c,encoder_listencode_list,other,50505050,0.0505,0.1759,20202020,0.0202,0.0703,28717171430,28.717
e3-1c,unicode_normalization_alignments::normalize::compose,other,40404040,0.0404,0.1407,40404040,0.0404,0.1407,28717171430,28.717
e3-1c,<tokenizers::pre_tokenizers::PyPreTokenizerTypeWrapper as tokenizers::tokenizer::PreTokenizer>::pre_tokenize,rust-tokenizers,40404040,0.0404,0.1407,0,0.0,0.0,28717171430,28.717
e3-1c,has_own_state,other,40404040,0.0404,0.1407,20202020,0.0202,0.0703,28717171430,28.717
e3-1c,PyBytes_FromStringAndSize,cpython,40404040,0.0404,0.1407,0,0.0,0.0,28717171430,28.717
e3-1c,_PyBytes_FromSize,cpython,40404040,0.0404,0.1407,0,0.0,0.0,28717171430,28.717
e3-1c,ucs2lib_utf8_encoder,other,40404040,0.0404,0.1407,20202020,0.0202,0.0703,28717171430,28.717
e3-1c,unicode_encode_utf8,other,40404040,0.0404,0.1407,0,0.0,0.0,28717171430,28.717
e3-1c,BaseException_clear,other,40404040,0.0404,0.1407,0,0.0,0.0,28717171430,28.717
e3-1c,unicodekeys_lookup_unicode,other,40404040,0.0404,0.1407,40404040,0.0404,0.1407,28717171430,28.717
e3-1c,_PyUnicodeWriter_PrepareInternal,cpython,40404040,0.0404,0.1407,0,0.0,0.0,28717171430,28.717
e3-1c,_PyErr_CreateException,cpython,40404040,0.0404,0.1407,0,0.0,0.0,28717171430,28.717
e3-1c,PyMethod_New,cpython,40404040,0.0404,0.1407,0,0.0,0.0,28717171430,28.717
e3-1c,_Py_slot_tp_getattro,cpython,40404040,0.0404,0.1407,0,0.0,0.0,28717171430,28.717
e3-1c,cfunction_vectorcall_O,other,40404040,0.0404,0.1407,0,0.0,0.0,28717171430,28.717
e3-1c,ga_vectorcall,other,40404040,0.0404,0.1407,0,0.0,0.0,28717171430,28.717
e3-1c,lock_PyThread_acquire_lock,cpython,40404040,0.0404,0.1407,0,0.0,0.0,28717171430,28.717
e3-1c,_PyTraceBack_FromFrame,cpython,40404040,0.0404,0.1407,0,0.0,0.0,28717171430,28.717
e3-1c,tb_create_raw,other,40404040,0.0404,0.1407,0,0.0,0.0,28717171430,28.717
e3-1c,list_extend,other,40404040,0.0404,0.1407,0,0.0,0.0,28717171430,28.717
e3-1c,PySequence_List,cpython,40404040,0.0404,0.1407,0,0.0,0.0,28717171430,28.717
e3-1c,take_ownership,other,40404040,0.0404,0.1407,0,0.0,0.0,28717171430,28.717
e3-1c,_PyObject_GC_NewVar,cpython,40404040,0.0404,0.1407,0,0.0,0.0,28717171430,28.717
e3-1c,_PyFrame_MakeAndSetFrameObject,cpython,40404040,0.0404,0.1407,0,0.0,0.0,28717171430,28.717
e3-1c,_PyFrame_New_NoTrack,cpython,40404040,0.0404,0.1407,0,0.0,0.0,28717171430,28.717
e3-1c,slot_tp_call,other,40404040,0.0404,0.1407,0,0.0,0.0,28717171430,28.717
e3-1c,find_name_in_mro,other,40404040,0.0404,0.1407,0,0.0,0.0,28717171430,28.717
e3-1c,method_output_as_list,other,40404040,0.0404,0.1407,0,0.0,0.0,28717171430,28.717
e3-1c,PyMapping_Keys,cpython,40404040,0.0404,0.1407,0,0.0,0.0,28717171430,28.717
e3-1c,dictresize,other,40404040,0.0404,0.1407,10101010,0.0101,0.0352,28717171430,28.717
e3-1c,_PyTuple_FromArray,cpython,40404040,0.0404,0.1407,0,0.0,0.0,28717171430,28.717
e3-1c,_PyDict_Next,cpython,40404040,0.0404,0.1407,40404040,0.0404,0.1407,28717171430,28.717
e3-1c,dict_new,other,40404040,0.0404,0.1407,0,0.0,0.0,28717171430,28.717
e3-1c,dict_subscript,other,40404040,0.0404,0.1407,0,0.0,0.0,28717171430,28.717
e3-1c,getenv,other,40404040,0.0404,0.1407,40404040,0.0404,0.1407,28717171430,28.717
e3-1c,mbc_enc_len,other,40404040,0.0404,0.1407,40404040,0.0404,0.1407,28717171430,28.717
e3-1c,onig_initialize_match_param,other,40404040,0.0404,0.1407,40404040,0.0404,0.1407,28717171430,28.717
e3-1c,onig_region_clear,other,40404040,0.0404,0.1407,40404040,0.0404,0.1407,28717171430,28.717
e3-1c,<alloc::string::String as core::iter::traits::collect::FromIterator<char>>::from_iter,rust-stdlib-or-dep,30303030,0.0303,0.1055,10101010,0.0101,0.0352,28717171430,28.717
e3-1c,sysvec_apic_timer_interrupt_[k],other,30303030,0.0303,0.1055,0,0.0,0.0,28717171430,28.717
e3-1c,__irq_exit_rcu_[k],other,30303030,0.0303,0.1055,0,0.0,0.0,28717171430,28.717
e3-1c,asm_sysvec_apic_timer_interrupt_[k],other,30303030,0.0303,0.1055,0,0.0,0.0,28717171430,28.717
e3-1c,handle_softirqs_[k],other,30303030,0.0303,0.1055,30303030,0.0303,0.1055,28717171430,28.717
e3-1c,<onig::find::FindMatches as core::iter::traits::iterator::Iterator>::next,rust-stdlib-or-dep,30303030,0.0303,0.1055,30303030,0.0303,0.1055,28717171430,28.717
e3-1c,<tokenizers::models::PyModel as tokenizers::tokenizer::Model>::tokenize,rust-tokenizers,30303030,0.0303,0.1055,30303030,0.0303,0.1055,28717171430,28.717
e3-1c,core::ptr::drop_in_place<tokenizers::tokenizer::encoding::Encoding>,rust-stdlib-or-dep,30303030,0.0303,0.1055,10101010,0.0101,0.0352,28717171430,28.717
e3-1c,[libpython3.12.so.1.0],shared-lib,30303030,0.0303,0.1055,0,0.0,0.0,28717171430,28.717
e3-1c,<tokenizers::normalizers::PyNormalizerWrapper as tokenizers::tokenizer::Normalizer>::normalize,rust-tokenizers,30303030,0.0303,0.1055,0,0.0,0.0,28717171430,28.717
e3-1c,onig::Regex::search_with_encoding,rust-stdlib-or-dep,30303030,0.0303,0.1055,10101010,0.0101,0.0352,28717171430,28.717
e3-1c,_PyObject_InitVar,cpython,30303030,0.0303,0.1055,0,0.0,0.0,28717171430,28.717
e3-1c,clear_gen_frame,other,30303030,0.0303,0.1055,0,0.0,0.0,28717171430,28.717
e3-1c,BaseException_dealloc,other,30303030,0.0303,0.1055,0,0.0,0.0,28717171430,28.717
e3-1c,PyDict_Contains,cpython,30303030,0.0303,0.1055,10101010,0.0101,0.0352,28717171430,28.717
e3-1c,PyNumber_And,cpython,30303030,0.0303,0.1055,0,0.0,0.0,28717171430,28.717
e3-1c,make_new_set,other,30303030,0.0303,0.1055,0,0.0,0.0,28717171430,28.717
e3-1c,_PyVectorcall_FunctionInline,cpython,30303030,0.0303,0.1055,30303030,0.0303,0.1055,28717171430,28.717
e3-1c,unicode_fromformat_write_cstr,other,30303030,0.0303,0.1055,0,0.0,0.0,28717171430,28.717
e3-1c,set_attribute_error_context,other,30303030,0.0303,0.1055,0,0.0,0.0,28717171430,28.717
e3-1c,PyObject_GetItem,cpython,30303030,0.0303,0.1055,0,0.0,0.0,28717171430,28.717
e3-1c,_PyObject_SIZE,cpython,30303030,0.0303,0.1055,30303030,0.0303,0.1055,28717171430,28.717
e3-1c,slot_tp_iter,other,30303030,0.0303,0.1055,10101010,0.0101,0.0352,28717171430,28.717
e3-1c,_PyObject_LookupSpecial,cpython,30303030,0.0303,0.1055,10101010,0.0101,0.0352,28717171430,28.717
e3-1c,PyObject_IsTrue,cpython,30303030,0.0303,0.1055,20202020,0.0202,0.0703,28717171430,28.717
e3-1c,_PyFrame_Initialize,cpython,30303030,0.0303,0.1055,20202020,0.0202,0.0703,28717171430,28.717
e3-1c,vgetargskeywords,other,30303030,0.0303,0.1055,10101010,0.0101,0.0352,28717171430,28.717
e3-1c,acquire_timed,other,30303030,0.0303,0.1055,0,0.0,0.0,28717171430,28.717
e3-1c,PyArg_ParseTupleAndKeywords,cpython,30303030,0.0303,0.1055,10101010,0.0101,0.0352,28717171430,28.717
e3-1c,pymalloc_realloc,other,30303030,0.0303,0.1055,0,0.0,0.0,28717171430,28.717
e3-1c,_PyObject_Realloc,cpython,30303030,0.0303,0.1055,0,0.0,0.0,28717171430,28.717
e3-1c,_PyUnicode_JoinArray,cpython,30303030,0.0303,0.1055,0,0.0,0.0,28717171430,28.717
e3-1c,frame_dealloc,other,30303030,0.0303,0.1055,0,0.0,0.0,28717171430,28.717
e3-1c,_PyObject_InitializeDict,cpython,30303030,0.0303,0.1055,10101010,0.0101,0.0352,28717171430,28.717
e3-1c,tuple_alloc,other,30303030,0.0303,0.1055,10101010,0.0101,0.0352,28717171430,28.717
e3-1c,maybe_freelist_push,other,30303030,0.0303,0.1055,20202020,0.0202,0.0703,28717171430,28.717
e3-1c,ga_call,other,30303030,0.0303,0.1055,0,0.0,0.0,28717171430,28.717
e3-1c,defdict_init,other,30303030,0.0303,0.1055,0,0.0,0.0,28717171430,28.717
e3-1c,PyTuple_GetSlice,cpython,30303030,0.0303,0.1055,10101010,0.0101,0.0352,28717171430,28.717
e3-1c,wrapperdescr_call,other,30303030,0.0303,0.1055,0,0.0,0.0,28717171430,28.717
e3-1c,_get_impl,other,30303030,0.0303,0.1055,10101010,0.0101,0.0352,28717171430,28.717
e3-1c,PySet_Contains,cpython,30303030,0.0303,0.1055,0,0.0,0.0,28717171430,28.717
e3-1c,set_contains_key,other,30303030,0.0303,0.1055,0,0.0,0.0,28717171430,28.717
e3-1c,set_contains_entry,other,30303030,0.0303,0.1055,0,0.0,0.0,28717171430,28.717
e3-1c,set_lookkey,other,30303030,0.0303,0.1055,30303030,0.0303,0.1055,28717171430,28.717
e3-1c,dict_get_impl,other,30303030,0.0303,0.1055,0,0.0,0.0,28717171430,28.717
e3-1c,dict_get,other,30303030,0.0303,0.1055,0,0.0,0.0,28717171430,28.717
e3-1c,defdict_missing,other,30303030,0.0303,0.1055,0,0.0,0.0,28717171430,28.717
e3-1c,read_u16,other,30303030,0.0303,0.1055,30303030,0.0303,0.1055,28717171430,28.717
e3-1c,__rustc::__rdl_alloc,other,30303030,0.0303,0.1055,30303030,0.0303,0.1055,28717171430,28.717
e3-1c,"alloc::raw_vec::RawVec<T,A>::grow_one",rust-stdlib-or-dep,30303030,0.0303,0.1055,0,0.0,0.0,28717171430,28.717
e3-1c,tokenizers::utils::parallelism::get_parallelism,rust-tokenizers,30303030,0.0303,0.1055,10101010,0.0101,0.0352,28717171430,28.717
e3-1c,do_syscall_64_[k],other,20202020,0.0202,0.0703,10101010,0.0101,0.0352,28717171430,28.717
e3-1c,entry_SYSCALL_64_after_hwframe_[k],other,20202020,0.0202,0.0703,0,0.0,0.0,28717171430,28.717
e3-1c,PlogFlush,other,20202020,0.0202,0.0703,0,0.0,0.0,28717171430,28.717
e3-1c,_PyObject_Calloc,cpython,20202020,0.0202,0.0703,0,0.0,0.0,28717171430,28.717
e3-1c,PyObject_Malloc,cpython,20202020,0.0202,0.0703,20202020,0.0202,0.0703,28717171430,28.717
e3-1c,_PyInterpreterState_Main,cpython,20202020,0.0202,0.0703,20202020,0.0202,0.0703,28717171430,28.717
e3-1c,_Py_IsMainInterpreter,cpython,20202020,0.0202,0.0703,0,0.0,0.0,28717171430,28.717
e3-1c,__rustc::__rdl_dealloc,other,20202020,0.0202,0.0703,20202020,0.0202,0.0703,28717171430,28.717
e3-1c,__rustc::__rust_dealloc,other,20202020,0.0202,0.0703,20202020,0.0202,0.0703,28717171430,28.717
e3-1c,_PyType_PreHeaderSize,cpython,20202020,0.0202,0.0703,10101010,0.0101,0.0352,28717171430,28.717
e3-1c,AttributeError_dealloc,other,20202020,0.0202,0.0703,0,0.0,0.0,28717171430,28.717
e3-1c,_PyTrash_cond,cpython,20202020,0.0202,0.0703,20202020,0.0202,0.0703,28717171430,28.717
e3-1c,PyObject_Hash,cpython,20202020,0.0202,0.0703,20202020,0.0202,0.0703,28717171430,28.717
e3-1c,object_vacall,other,20202020,0.0202,0.0703,0,0.0,0.0,28717171430,28.717
e3-1c,set_intersection,other,20202020,0.0202,0.0703,0,0.0,0.0,28717171430,28.717
e3-1c,_PyGCHead_SET_NEXT,cpython,20202020,0.0202,0.0703,20202020,0.0202,0.0703,28717171430,28.717
e3-1c,dictiter_new,other,20202020,0.0202,0.0703,0,0.0,0.0,28717171430,28.717
e3-1c,set_intersection_multi,other,20202020,0.0202,0.0703,0,0.0,0.0,28717171430,28.717
e3-1c,PyObject_CallMethodObjArgs,cpython,20202020,0.0202,0.0703,0,0.0,0.0,28717171430,28.717
e3-1c,PyNumber_Or,cpython,20202020,0.0202,0.0703,0,0.0,0.0,28717171430,28.717
e3-1c,PyObject_Free,cpython,20202020,0.0202,0.0703,20202020,0.0202,0.0703,28717171430,28.717
e3-1c,unicode_dealloc,other,20202020,0.0202,0.0703,20202020,0.0202,0.0703,28717171430,28.717
e3-1c,_Py_CheckFunctionResult,cpython,20202020,0.0202,0.0703,20202020,0.0202,0.0703,28717171430,28.717
e3-1c,_PyObject_GC_Link,cpython,20202020,0.0202,0.0703,20202020,0.0202,0.0703,28717171430,28.717
e3-1c,_PyType_GetDict,cpython,20202020,0.0202,0.0703,10101010,0.0101,0.0352,28717171430,28.717
e3-1c,_PyType_IsReady,cpython,20202020,0.0202,0.0703,0,0.0,0.0,28717171430,28.717
e3-1c,getset_get,other,20202020,0.0202,0.0703,20202020,0.0202,0.0703,28717171430,28.717
e3-1c,AttributeError_init,other,20202020,0.0202,0.0703,0,0.0,0.0,28717171430,28.717
e3-1c,PyObject_Str,cpython,20202020,0.0202,0.0703,10101010,0.0101,0.0352,28717171430,28.717
e3-1c,unicode_endswith,other,20202020,0.0202,0.0703,20202020,0.0202,0.0703,28717171430,28.717
e3-1c,PyThread_acquire_lock_timed,cpython,20202020,0.0202,0.0703,0,0.0,0.0,28717171430,28.717
e3-1c,sem_trywait,other,20202020,0.0202,0.0703,20202020,0.0202,0.0703,28717171430,28.717
e3-1c,convertitem,other,20202020,0.0202,0.0703,10101010,0.0101,0.0352,28717171430,28.717
e3-1c,PySet_New,cpython,20202020,0.0202,0.0703,0,0.0,0.0,28717171430,28.717
e3-1c,_PyThreadState_GET,cpython,20202020,0.0202,0.0703,20202020,0.0202,0.0703,28717171430,28.717
e3-1c,PySequence_Fast,cpython,20202020,0.0202,0.0703,10101010,0.0101,0.0352,28717171430,28.717
e3-1c,StopIteration_dealloc,other,20202020,0.0202,0.0703,0,0.0,0.0,28717171430,28.717
e3-1c,StopIteration_clear,other,20202020,0.0202,0.0703,0,0.0,0.0,28717171430,28.717
e3-1c,PyDict_SetItem,cpython,20202020,0.0202,0.0703,10101010,0.0101,0.0352,28717171430,28.717
e3-1c,_Py_Dealloc,cpython,20202020,0.0202,0.0703,20202020,0.0202,0.0703,28717171430,28.717
e3-1c,set_dealloc,other,20202020,0.0202,0.0703,20202020,0.0202,0.0703,28717171430,28.717
e3-1c,maybe_freelist_pop,other,20202020,0.0202,0.0703,20202020,0.0202,0.0703,28717171430,28.717
e3-1c,PyTuple_New,cpython,20202020,0.0202,0.0703,10101010,0.0101,0.0352,28717171430,28.717
e3-1c,PyObject_LengthHint,cpython,20202020,0.0202,0.0703,0,0.0,0.0,28717171430,28.717
e3-1c,_PyObject_HasLen,cpython,20202020,0.0202,0.0703,10101010,0.0101,0.0352,28717171430,28.717
e3-1c,find_empty_slot,other,20202020,0.0202,0.0703,20202020,0.0202,0.0703,28717171430,28.717
e3-1c,_PyType_HasFeature,cpython,20202020,0.0202,0.0703,20202020,0.0202,0.0703,28717171430,28.717
e3-1c,_PyObject_CallNoArgs,cpython,20202020,0.0202,0.0703,0,0.0,0.0,28717171430,28.717
e3-1c,lookup_tp_dict,other,20202020,0.0202,0.0703,20202020,0.0202,0.0703,28717171430,28.717
e3-1c,insert_to_emptydict,other,20202020,0.0202,0.0703,0,0.0,0.0,28717171430,28.717
e3-1c,tuplehash,other,20202020,0.0202,0.0703,10101010,0.0101,0.0352,28717171430,28.717
e3-1c,_PyUnicodeWriter_WriteChar,cpython,20202020,0.0202,0.0703,0,0.0,0.0,28717171430,28.717
e3-1c,_PyUnicodeWriter_WriteCharInline,cpython,20202020,0.0202,0.0703,0,0.0,0.0,28717171430,28.717
e3-1c,resize_compact,other,20202020,0.0202,0.0703,0,0.0,0.0,28717171430,28.717
e3-1c,_PyUnicodeWriter_WriteStr,cpython,20202020,0.0202,0.0703,0,0.0,0.0,28717171430,28.717
e3-1c,PyType_HasFeature,cpython,20202020,0.0202,0.0703,20202020,0.0202,0.0703,28717171430,28.717
e3-1c,escape_unicode,other,20202020,0.0202,0.0703,10101010,0.0101,0.0352,28717171430,28.717
e3-1c,py_encode_basestring,other,20202020,0.0202,0.0703,0,0.0,0.0,28717171430,28.717
e3-1c,_PySlice_FromIndices,cpython,20202020,0.0202,0.0703,0,0.0,0.0,28717171430,28.717
e3-1c,PySequence_GetSlice,cpython,20202020,0.0202,0.0703,0,0.0,0.0,28717171430,28.717
e3-1c,tupleslice,other,20202020,0.0202,0.0703,0,0.0,0.0,28717171430,28.717
e3-1c,_PyThreadState_PopFrame,cpython,20202020,0.0202,0.0703,20202020,0.0202,0.0703,28717171430,28.717
e3-1c,get_basic_refs,other,20202020,0.0202,0.0703,20202020,0.0202,0.0703,28717171430,28.717
e3-1c,PyWeakref_NewRef,cpython,20202020,0.0202,0.0703,0,0.0,0.0,28717171430,28.717
e3-1c,builtin_getattr,other,20202020,0.0202,0.0703,0,0.0,0.0,28717171430,28.717
e3-1c,builtin_hasattr,other,20202020,0.0202,0.0703,0,0.0,0.0,28717171430,28.717
e3-1c,builtin_hasattr_impl,other,20202020,0.0202,0.0703,0,0.0,0.0,28717171430,28.717
e3-1c,builtin_next,other,20202020,0.0202,0.0703,10101010,0.0101,0.0352,28717171430,28.717
e3-1c,_PyObject_GC_UNTRACK,cpython,20202020,0.0202,0.0703,0,0.0,0.0,28717171430,28.717
e3-1c,gen_dealloc,other,20202020,0.0202,0.0703,10101010,0.0101,0.0352,28717171430,28.717
e3-1c,method_dealloc,other,20202020,0.0202,0.0703,10101010,0.0101,0.0352,28717171430,28.717
e3-1c,set_add_entry,other,20202020,0.0202,0.0703,20202020,0.0202,0.0703,28717171430,28.717
e3-1c,slot_mp_ass_subscript,other,20202020,0.0202,0.0703,0,0.0,0.0,28717171430,28.717
e3-1c,slot_sq_contains,other,20202020,0.0202,0.0703,0,0.0,0.0,28717171430,28.717
e3-1c,__rustc::__rust_alloc,other,20202020,0.0202,0.0703,20202020,0.0202,0.0703,28717171430,28.717
e3-1c,mbc_to_code,other,20202020,0.0202,0.0703,20202020,0.0202,0.0703,28717171430,28.717
e3-1c,onig_free_match_param,other,20202020,0.0202,0.0703,20202020,0.0202,0.0703,28717171430,28.717
e3-1c,onig_is_in_code_range,other,20202020,0.0202,0.0703,20202020,0.0202,0.0703,28717171430,28.717
e3-1c,onig_new_match_param,other,20202020,0.0202,0.0703,0,0.0,0.0,28717171430,28.717
e3-1c,std::sys::env::unix::getenv::{{closure}},other,20202020,0.0202,0.0703,10101010,0.0101,0.0352,28717171430,28.717
e3-1c,std::env::_var,other,20202020,0.0202,0.0703,0,0.0,0.0,28717171430,28.717
e3-1c,unicode_normalization_alignments::decompose::Decompositions<I>::push_back,other,20202020,0.0202,0.0703,20202020,0.0202,0.0703,28717171430,28.717
e3-1c,schedule_[k],other,10101010,0.0101,0.0352,0,0.0,0.0,28717171430,28.717
e3-1c,do_nanosleep_[k],other,10101010,0.0101,0.0352,0,0.0,0.0,28717171430,28.717
e3-1c,__x64_sys_clock_nanosleep_[k],other,10101010,0.0101,0.0352,0,0.0,0.0,28717171430,28.717
e3-1c,__schedule_[k],other,10101010,0.0101,0.0352,0,0.0,0.0,28717171430,28.717
e3-1c,hrtimer_nanosleep_[k],other,10101010,0.0101,0.0352,0,0.0,0.0,28717171430,28.717
e3-1c,common_nsleep_[k],other,10101010,0.0101,0.0352,0,0.0,0.0,28717171430,28.717
e3-1c,finish_task_switch.isra.0_[k],other,10101010,0.0101,0.0352,10101010,0.0101,0.0352,28717171430,28.717
e3-1c,"<hashbrown::map::HashMap<K,V,S,A> as core::iter::traits::collect::Extend<(K,V)>>::extend",rust-stdlib-or-dep,10101010,0.0101,0.0352,0,0.0,0.0,28717171430,28.717
e3-1c,<pyo3::impl_::pyclass_init::PyNativeTypeInitializer<T> as pyo3::impl_::pyclass_init::PyObjectInit<T>>::into_new_object::inner,cpython,10101010,0.0101,0.0352,0,0.0,0.0,28717171430,28.717
e3-1c,<pyo3::pycell::impl_::BorrowChecker as pyo3::pycell::impl_::PyClassBorrowChecker>::try_borrow,cpython,10101010,0.0101,0.0352,10101010,0.0101,0.0352,28717171430,28.717
e3-1c,<rayon::vec::IntoIter<T> as rayon::iter::IndexedParallelIterator>::with_producer,rust-stdlib-or-dep,10101010,0.0101,0.0352,10101010,0.0101,0.0352,28717171430,28.717
e3-1c,OnigEncodingASCII,other,10101010,0.0101,0.0352,0,0.0,0.0,28717171430,28.717
e3-1c,tokenizers::tokenizer::encoding::Encoding::set_type_ids,rust-tokenizers,10101010,0.0101,0.0352,10101010,0.0101,0.0352,28717171430,28.717
e3-1c,take_gil,other,10101010,0.0101,0.0352,0,0.0,0.0,28717171430,28.717
e3-1c,PyEval_RestoreThread,cpython,10101010,0.0101,0.0352,0,0.0,0.0,28717171430,28.717
e3-1c,pthread_mutex_unlock,other,10101010,0.0101,0.0352,10101010,0.0101,0.0352,28717171430,28.717
e3-1c,PyEval_SaveThread,cpython,10101010,0.0101,0.0352,0,0.0,0.0,28717171430,28.717
e3-1c,drop_gil,other,10101010,0.0101,0.0352,0,0.0,0.0,28717171430,28.717
e3-1c,pthread_mutex_lock,other,10101010,0.0101,0.0352,10101010,0.0101,0.0352,28717171430,28.717
e3-1c,__rustc::__rdl_realloc,other,10101010,0.0101,0.0352,10101010,0.0101,0.0352,28717171430,28.717
e3-1c,tokenizers::tokenizer::pre_tokenizer::PreTokenizedString::tokenize,rust-tokenizers,10101010,0.0101,0.0352,10101010,0.0101,0.0352,28717171430,28.717
e3-1c,<aho_corasick::dfa::DFA as aho_corasick::automaton::Automaton>::start_state,rust-stdlib-or-dep,10101010,0.0101,0.0352,10101010,0.0101,0.0352,28717171430,28.717
e3-1c,<aho_corasick::util::prefilter::StartBytesOne as aho_corasick::util::prefilter::PrefilterI>::find_in,rust-stdlib-or-dep,10101010,0.0101,0.0352,10101010,0.0101,0.0352,28717171430,28.717
e3-1c,chain_dealloc,other,10101010,0.0101,0.0352,0,0.0,0.0,28717171430,28.717
e3-1c,tokenizers::tokenizer::encoding::Encoding::merge_with,rust-tokenizers,10101010,0.0101,0.0352,10101010,0.0101,0.0352,28717171430,28.717
e3-1c,pyo3::types::string::<impl pyo3::instance::Borrowed<pyo3::types::string::PyString>>::to_cow,cpython,10101010,0.0101,0.0352,0,0.0,0.0,28717171430,28.717
e3-1c,_PyBytesWriter_Init,cpython,10101010,0.0101,0.0352,10101010,0.0101,0.0352,28717171430,28.717
e3-1c,pyo3::err::PyErr::take,cpython,10101010,0.0101,0.0352,0,0.0,0.0,28717171430,28.717
e3-1c,pyo3::impl_::trampoline::trampoline,other,10101010,0.0101,0.0352,10101010,0.0101,0.0352,28717171430,28.717
e3-1c,"tokenizers::tokenizer::TokenizerImpl<M,N,PT,PP,D>::encode_batch_char_offsets",rust-tokenizers,10101010,0.0101,0.0352,10101010,0.0101,0.0352,28717171430,28.717
e3-1c,PyCell_New,cpython,10101010,0.0101,0.0352,0,0.0,0.0,28717171430,28.717
e3-1c,PyTuple_Size,cpython,10101010,0.0101,0.0352,10101010,0.0101,0.0352,28717171430,28.717
e3-1c,PyFunction_NewWithQualName,cpython,10101010,0.0101,0.0352,0,0.0,0.0,28717171430,28.717
e3-1c,PyLong_AsLong,cpython,10101010,0.0101,0.0352,0,0.0,0.0,28717171430,28.717
e3-1c,PyLong_AsLongAndOverflow,cpython,10101010,0.0101,0.0352,10101010,0.0101,0.0352,28717171430,28.717
e3-1c,dictkeys_iter,other,10101010,0.0101,0.0352,0,0.0,0.0,28717171430,28.717
e3-1c,_PyDictView_Intersect,cpython,10101010,0.0101,0.0352,10101010,0.0101,0.0352,28717171430,28.717
e3-1c,dict_or,other,10101010,0.0101,0.0352,0,0.0,0.0,28717171430,28.717
e3-1c,set_merge,other,10101010,0.0101,0.0352,0,0.0,0.0,28717171430,28.717
e3-1c,set_copy,other,10101010,0.0101,0.0352,0,0.0,0.0,28717171430,28.717
e3-1c,set_update_internal,other,10101010,0.0101,0.0352,0,0.0,0.0,28717171430,28.717
e3-1c,make_new_set_basetype,other,10101010,0.0101,0.0352,0,0.0,0.0,28717171430,28.717
e3-1c,set_table_resize,other,10101010,0.0101,0.0352,0,0.0,0.0,28717171430,28.717
e3-1c,set_or,other,10101010,0.0101,0.0352,0,0.0,0.0,28717171430,28.717
e3-1c,PyNumber_Remainder,cpython,10101010,0.0101,0.0352,0,0.0,0.0,28717171430,28.717
e3-1c,long_mod,other,10101010,0.0101,0.0352,10101010,0.0101,0.0352,28717171430,28.717
e3-1c,_PyUnicodeWriter_WriteASCIIString,cpython,10101010,0.0101,0.0352,0,0.0,0.0,28717171430,28.717
e3-1c,unicode_fromformat_write_wcstr,other,10101010,0.0101,0.0352,0,0.0,0.0,28717171430,28.717
e3-1c,_PyUnicode_InternMortal,cpython,10101010,0.0101,0.0352,0,0.0,0.0,28717171430,28.717
e3-1c,intern_common,other,10101010,0.0101,0.0352,10101010,0.0101,0.0352,28717171430,28.717
e3-1c,Py_SET_TYPE,cpython,10101010,0.0101,0.0352,10101010,0.0101,0.0352,28717171430,28.717
e3-1c,ascii_decode,other,10101010,0.0101,0.0352,10101010,0.0101,0.0352,28717171430,28.717
e3-1c,BaseException_init,other,10101010,0.0101,0.0352,0,0.0,0.0,28717171430,28.717
e3-1c,Py_GenericAlias,cpython,10101010,0.0101,0.0352,0,0.0,0.0,28717171430,28.717
e3-1c,meth_dealloc,other,10101010,0.0101,0.0352,0,0.0,0.0,28717171430,28.717
e3-1c,PyIter_Check,cpython,10101010,0.0101,0.0352,10101010,0.0101,0.0352,28717171430,28.717
e3-1c,dict_iter,other,10101010,0.0101,0.0352,0,0.0,0.0,28717171430,28.717
e3-1c,call_unbound_noarg,other,10101010,0.0101,0.0352,0,0.0,0.0,28717171430,28.717
e3-1c,PyType_IsSubtype,cpython,10101010,0.0101,0.0352,10101010,0.0101,0.0352,28717171430,28.717
e3-1c,PyObject_TypeCheck,cpython,10101010,0.0101,0.0352,0,0.0,0.0,28717171430,28.717
e3-1c,PyDescr_IsData,cpython,10101010,0.0101,0.0352,10101010,0.0101,0.0352,28717171430,28.717
e3-1c,slot_nb_bool,other,10101010,0.0101,0.0352,0,0.0,0.0,28717171430,28.717
e3-1c,PyObject_SetItem,cpython,10101010,0.0101,0.0352,10101010,0.0101,0.0352,28717171430,28.717
e3-1c,<CLASS TOTAL> shared-lib,shared-lib,,,,13292929160,13.2929,46.2891,28717171430,28.717
e3-1c,<CLASS TOTAL> cpython,cpython,,,,4282828240,4.2828,14.9138,28717171430,28.717
e3-1c,<CLASS TOTAL> rust-stdlib-or-dep,rust-stdlib-or-dep,,,,3616161580,3.6162,12.5923,28717171430,28.717
e3-1c,<CLASS TOTAL> other,other,,,,3383838350,3.3838,11.7833,28717171430,28.717
e3-1c,<CLASS TOTAL> libc-alloc-mem,libc-alloc-mem,,,,2464646440,2.4646,8.5825,28717171430,28.717
e3-1c,<CLASS TOTAL> rust-tokenizers,rust-tokenizers,,,,1676767660,1.6768,5.8389,28717171430,28.717
e3-1d,python3,cpython,30313131010,30.3131,99.9667,0,0.0,0.0,30323232020,30.323
e3-1d,_PyEval_EvalFrameDefault,cpython,12525252400,12.5253,41.3058,3797979760,3.798,12.525,30323232020,30.323
e3-1d,[unknown],shared-lib,5070707020,5.0707,16.7222,0,0.0,0.0,30323232020,30.323
e3-1d,"<core::iter::adapters::flatten::FlatMap<I,U,F> as core::iter::traits::iterator::Iterator>::next",rust-stdlib-or-dep,4747474700,4.7475,15.6562,4353535310,4.3535,14.3571,30323232020,30.323
e3-1d,"<alloc::vec::Vec<T> as alloc::vec::spec_from_iter_nested::SpecFromIterNested<T,I>>::from_iter",rust-stdlib-or-dep,4121212080,4.1212,13.5909,454545450,0.4545,1.499,30323232020,30.323
e3-1d,[libc.so.6],shared-lib,2717171690,2.7172,8.9607,2696969670,2.697,8.8941,30323232020,30.323
e3-1d,<tokenizers::models::ModelWrapper as tokenizers::tokenizer::Model>::id_to_token,rust-tokenizers,2292929270,2.2929,7.5616,1262626250,1.2626,4.1639,30323232020,30.323
e3-1d,_PyObject_VectorcallTstate,cpython,1929292910,1.9293,6.3624,161616160,0.1616,0.533,30323232020,30.323
e3-1d,PyObject_Vectorcall,cpython,1919191900,1.9192,6.3291,30303030,0.0303,0.0999,30323232020,30.323
e3-1d,core::ops::function::impls::<impl core::ops::function::FnMut<A> for &mut F>::call_mut,rust-stdlib-or-dep,1434343420,1.4343,4.7302,282828280,0.2828,0.9327,30323232020,30.323
e3-1d,Py_INCREF,cpython,1272727260,1.2727,4.1972,1272727260,1.2727,4.1972,30323232020,30.323
e3-1d,<alloc::string::String as core::clone::Clone>::clone,rust-stdlib-or-dep,1030303020,1.0303,3.3977,313131310,0.3131,1.0326,30323232020,30.323
e3-1d,_PyObject_Malloc,cpython,1030303020,1.0303,3.3977,30303030,0.0303,0.0999,30323232020,30.323
e3-1d,tokenizers::tokenizer::added_vocabulary::AddedVocabulary::is_special_token,rust-tokenizers,979797970,0.9798,3.2312,787878780,0.7879,2.5983,30323232020,30.323
e3-1d,malloc,libc-alloc-mem,959595950,0.9596,3.1646,222222220,0.2222,0.7328,30323232020,30.323
e3-1d,core::hash::BuildHasher::hash_one,rust-stdlib-or-dep,929292920,0.9293,3.0646,929292920,0.9293,3.0646,30323232020,30.323
e3-1d,PyUnicode_New,cpython,898989890,0.899,2.9647,161616160,0.1616,0.533,30323232020,30.323
e3-1d,_PyObject_Free,cpython,898989890,0.899,2.9647,10101010,0.0101,0.0333,30323232020,30.323
e3-1d,pymalloc_alloc,other,818181810,0.8182,2.6982,787878780,0.7879,2.5983,30323232020,30.323
e3-1d,Py_DECREF,cpython,787878780,0.7879,2.5983,373737370,0.3737,1.2325,30323232020,30.323
e3-1d,_PyEval_Vector,cpython,696969690,0.697,2.2985,40404040,0.0404,0.1332,30323232020,30.323
e3-1d,pymalloc_free,other,686868680,0.6869,2.2652,40404040,0.0404,0.1332,30323232020,30.323
e3-1d,unicode_subscript,other,646464640,0.6465,2.1319,40404040,0.0404,0.1332,30323232020,30.323
e3-1d,pyo3::impl_::extract_argument::extract_argument,other,616161610,0.6162,2.032,40404040,0.0404,0.1332,30323232020,30.323
e3-1d,arena_map_is_used,other,616161610,0.6162,2.032,212121210,0.2121,0.6995,30323232020,30.323
e3-1d,address_in_range,other,616161610,0.6162,2.032,0,0.0,0.0,30323232020,30.323
e3-1d,_PyEvalFramePushAndInit,cpython,606060600,0.6061,1.9987,80808080,0.0808,0.2665,30323232020,30.323
e3-1d,tokenizers::tokenizer::added_vocabulary::AddedVocabulary::simple_id_to_token,rust-tokenizers,595959590,0.596,1.9654,595959590,0.596,1.9654,30323232020,30.323
e3-1d,Py_XDECREF,cpython,585858580,0.5859,1.932,151515150,0.1515,0.4997,30323232020,30.323
e3-1d,<tokenizers::models::PyModel as tokenizers::tokenizer::Model>::id_to_token,rust-tokenizers,555555550,0.5556,1.8321,515151510,0.5152,1.6989,30323232020,30.323
e3-1d,alloc::raw_vec::RawVecInner<A>::finish_grow,rust-stdlib-or-dep,545454540,0.5455,1.7988,252525250,0.2525,0.8328,30323232020,30.323
e3-1d,_PyEvalFrameClearAndPop,cpython,545454540,0.5455,1.7988,30303030,0.0303,0.0999,30323232020,30.323
e3-1d,list_dealloc,other,535353530,0.5354,1.7655,101010100,0.101,0.3331,30323232020,30.323
e3-1d,<tokenizers::pre_tokenizers::byte_level::ByteLevel as tokenizers::tokenizer::Decoder>::decode_chain,rust-tokenizers,515151510,0.5152,1.6989,161616160,0.1616,0.533,30323232020,30.323
e3-1d,PyUnicode_Concat,cpython,515151510,0.5152,1.6989,50505050,0.0505,0.1666,30323232020,30.323
e3-1d,py_trampoline_evaluator,other,505050500,0.5051,1.6656,333333330,0.3333,1.0993,30323232020,30.323
e3-1d,clear_thread_frame,other,505050500,0.5051,1.6656,60606060,0.0606,0.1999,30323232020,30.323
e3-1d,pyo3::conversions::std::string::<impl pyo3::conversion::IntoPyObject for alloc::string::String>::into_pyobject,cpython,464646460,0.4646,1.5323,60606060,0.0606,0.1999,30323232020,30.323
e3-1d,_PyFrame_ClearExceptCode,cpython,444444440,0.4444,1.4657,111111110,0.1111,0.3664,30323232020,30.323
e3-1d,alloc::raw_vec::RawVecInner<A>::reserve::do_reserve_and_handle,rust-stdlib-or-dep,424242420,0.4242,1.3991,60606060,0.0606,0.1999,30323232020,30.323
e3-1d,get_state,other,424242420,0.4242,1.3991,0,0.0,0.0,30323232020,30.323
e3-1d,arena_map_get,other,404040400,0.404,1.3324,404040400,0.404,1.3324,30323232020,30.323
e3-1d,initialize_locals,other,393939390,0.3939,1.2991,383838380,0.3838,1.2658,30323232020,30.323
e3-1d,unicode_decode_utf8,other,393939390,0.3939,1.2991,10101010,0.0101,0.0333,30323232020,30.323
e3-1d,"alloc::raw_vec::RawVec<T,A>::grow_one",rust-stdlib-or-dep,383838380,0.3838,1.2658,212121210,0.2121,0.6995,30323232020,30.323
e3-1d,method_vectorcall_VARARGS_KEYWORDS,other,373737370,0.3737,1.2325,10101010,0.0101,0.0333,30323232020,30.323
e3-1d,__tls_get_addr,other,363636360,0.3636,1.1992,363636360,0.3636,1.1992,30323232020,30.323
e3-1d,tokenizers::tokenizer::Decoder::decode,rust-tokenizers,343434340,0.3434,1.1326,111111110,0.1111,0.3664,30323232020,30.323
e3-1d,pyo3::conversions::std::num::<impl pyo3::conversion::FromPyObject for u32>::extract_bound,cpython,333333330,0.3333,1.0993,111111110,0.1111,0.3664,30323232020,30.323
e3-1d,alloc::str::join_generic_copy,rust-stdlib-or-dep,333333330,0.3333,1.0993,333333330,0.3333,1.0993,30323232020,30.323
e3-1d,_Py_NewRef,cpython,333333330,0.3333,1.0993,0,0.0,0.0,30323232020,30.323
e3-1d,_PyInterpreterState_GET,cpython,323232320,0.3232,1.066,222222220,0.2222,0.7328,30323232020,30.323
e3-1d,_PyList_FromArraySteal,cpython,313131310,0.3131,1.0326,10101010,0.0101,0.0333,30323232020,30.323
e3-1d,"<alloc::vec::Vec<T> as alloc::vec::spec_from_iter::SpecFromIter<T,I>>::from_iter",rust-stdlib-or-dep,303030300,0.303,0.9993,292929290,0.2929,0.966,30323232020,30.323
e3-1d,tokenizers::tokenizer::step_decode_stream,rust-tokenizers,303030300,0.303,0.9993,262626260,0.2626,0.8661,30323232020,30.323
e3-1d,PyList_New,cpython,303030300,0.303,0.9993,50505050,0.0505,0.1666,30323232020,30.323
e3-1d,PySlice_Unpack,cpython,292929290,0.2929,0.966,10101010,0.0101,0.0333,30323232020,30.323
e3-1d,_PyEval_SliceIndex,cpython,282828280,0.2828,0.9327,30303030,0.0303,0.0999,30323232020,30.323
e3-1d,_PyObject_GC_TRACK,cpython,272727270,0.2727,0.8994,111111110,0.1111,0.3664,30323232020,30.323
e3-1d,PyObject_IsTrue,cpython,272727270,0.2727,0.8994,272727270,0.2727,0.8994,30323232020,30.323
e3-1d,<core::str::lossy::Utf8Chunks as core::iter::traits::iterator::Iterator>::next,rust-stdlib-or-dep,262626260,0.2626,0.8661,262626260,0.2626,0.8661,30323232020,30.323
e3-1d,PyLong_FromSsize_t,cpython,262626260,0.2626,0.8661,40404040,0.0404,0.1332,30323232020,30.323
e3-1d,"tokenizers::tokenizer::TokenizerImpl<M,N,PT,PP,D>::decode",rust-tokenizers,242424240,0.2424,0.7995,151515150,0.1515,0.4997,30323232020,30.323
e3-1d,PyNumber_AsSsize_t,cpython,242424240,0.2424,0.7995,40404040,0.0404,0.1332,30323232020,30.323
e3-1d,PyObject_GetIter,cpython,232323230,0.2323,0.7662,20202020,0.0202,0.0666,30323232020,30.323
e3-1d,__rustc::__rust_no_alloc_shim_is_unstable_v2,other,222222220,0.2222,0.7328,222222220,0.2222,0.7328,30323232020,30.323
e3-1d,_PyLong_New,cpython,222222220,0.2222,0.7328,10101010,0.0101,0.0333,30323232020,30.323
e3-1d,_PyUnicode_FromASCII,cpython,222222220,0.2222,0.7328,0,0.0,0.0,30323232020,30.323
e3-1d,list_iter,other,212121210,0.2121,0.6995,30303030,0.0303,0.0999,30323232020,30.323
e3-1d,_PyBuildSlice_ConsumeRefs,cpython,212121210,0.2121,0.6995,0,0.0,0.0,30323232020,30.323
e3-1d,_PyBuildSlice_Consume2,cpython,212121210,0.2121,0.6995,60606060,0.0606,0.1999,30323232020,30.323
e3-1d,realloc,libc-alloc-mem,202020200,0.202,0.6662,40404040,0.0404,0.1332,30323232020,30.323
e3-1d,__rustc::__rdl_alloc,other,181818180,0.1818,0.5996,181818180,0.1818,0.5996,30323232020,30.323
e3-1d,pyo3::types::sequence::<impl pyo3::conversion::FromPyObject for alloc::vec::Vec<T>>::extract_bound,cpython,181818180,0.1818,0.5996,111111110,0.1111,0.3664,30323232020,30.323
e3-1d,has_own_state,other,181818180,0.1818,0.5996,131313130,0.1313,0.433,30323232020,30.323
e3-1d,cfree,libc-alloc-mem,171717170,0.1717,0.5663,80808080,0.0808,0.2665,30323232020,30.323
e3-1d,_PyGCHead_SET_PREV,cpython,171717170,0.1717,0.5663,171717170,0.1717,0.5663,30323232020,30.323
e3-1d,_PyCode_GetExtra,cpython,171717170,0.1717,0.5663,30303030,0.0303,0.0999,30323232020,30.323
e3-1d,__rustc::__rust_alloc,other,161616160,0.1616,0.533,161616160,0.1616,0.533,30323232020,30.323
e3-1d,tupledealloc,other,161616160,0.1616,0.533,30303030,0.0303,0.0999,30323232020,30.323
e3-1d,_Py_CheckFunctionResult,cpython,161616160,0.1616,0.533,141414140,0.1414,0.4664,30323232020,30.323
e3-1d,PyLong_AsLong,cpython,151515150,0.1515,0.4997,50505050,0.0505,0.1666,30323232020,30.323
e3-1d,_PyTuple_FromArray,cpython,151515150,0.1515,0.4997,20202020,0.0202,0.0666,30323232020,30.323
e3-1d,_PyObject_Calloc,cpython,151515150,0.1515,0.4997,10101010,0.0101,0.0333,30323232020,30.323
e3-1d,<tokenizers::decoders::PyDecoderWrapper as tokenizers::tokenizer::Decoder>::decode_chain,rust-tokenizers,141414140,0.1414,0.4664,141414140,0.1414,0.4664,30323232020,30.323
e3-1d,_PyObject_GenericGetAttrWithDict,cpython,141414140,0.1414,0.4664,10101010,0.0101,0.0333,30323232020,30.323
e3-1d,tokenizers::decoders::PyDecodeStream::__pymethod_step__,rust-tokenizers,141414140,0.1414,0.4664,131313130,0.1313,0.433,30323232020,30.323
e3-1d,__rustc::__rdl_dealloc,other,131313130,0.1313,0.433,131313130,0.1313,0.433,30323232020,30.323
e3-1d,PyObject_GetAttr,cpython,131313130,0.1313,0.433,0,0.0,0.0,30323232020,30.323
e3-1d,PyUnstable_Code_GetExtra,cpython,131313130,0.1313,0.433,131313130,0.1313,0.433,30323232020,30.323
e3-1d,_PyLong_Subtract,cpython,131313130,0.1313,0.433,0,0.0,0.0,30323232020,30.323
e3-1d,import_name,other,131313130,0.1313,0.433,0,0.0,0.0,30323232020,30.323
e3-1d,_PyRuntime,cpython,131313130,0.1313,0.433,0,0.0,0.0,30323232020,30.323
e3-1d,PyObject_GC_Del,cpython,121212120,0.1212,0.3997,111111110,0.1111,0.3664,30323232020,30.323
e3-1d,__tls_get_addr@plt,other,121212120,0.1212,0.3997,121212120,0.1212,0.3997,30323232020,30.323
e3-1d,_PyObject_GC_UNTRACK,cpython,121212120,0.1212,0.3997,0,0.0,0.0,30323232020,30.323
e3-1d,_PyLong_FromSTwoDigits,cpython,121212120,0.1212,0.3997,20202020,0.0202,0.0666,30323232020,30.323
e3-1d,PyImport_ImportModuleLevelObject,cpython,121212120,0.1212,0.3997,0,0.0,0.0,30323232020,30.323
e3-1d,pyo3::types::iterator::<impl pyo3::instance::Borrowed<pyo3::types::iterator::PyIterator>>::next,cpython,121212120,0.1212,0.3997,30303030,0.0303,0.0999,30323232020,30.323
e3-1d,__rustc::__rust_dealloc,other,111111110,0.1111,0.3664,111111110,0.1111,0.3664,30323232020,30.323
e3-1d,PyLong_AsLongAndOverflow,cpython,111111110,0.1111,0.3664,101010100,0.101,0.3331,30323232020,30.323
e3-1d,_Py_module_getattro_impl,cpython,111111110,0.1111,0.3664,0,0.0,0.0,30323232020,30.323
e3-1d,gc_alloc,other,111111110,0.1111,0.3664,0,0.0,0.0,30323232020,30.323
e3-1d,_PyObject_GC_New,cpython,111111110,0.1111,0.3664,0,0.0,0.0,30323232020,30.323
e3-1d,pyo3::impl_::extract_argument::FunctionDescription::extract_arguments_tuple_dict,other,101010100,0.101,0.3331,70707070,0.0707,0.2332,30323232020,30.323
e3-1d,_Py_IsImmortal,cpython,101010100,0.101,0.3331,101010100,0.101,0.3331,30323232020,30.323
e3-1d,PyObject_GC_UnTrack,cpython,101010100,0.101,0.3331,20202020,0.0202,0.0666,30323232020,30.323
e3-1d,_PyLong_FromMedium,cpython,101010100,0.101,0.3331,0,0.0,0.0,30323232020,30.323
e3-1d,alloc::string::String::from_utf8_lossy,rust-stdlib-or-dep,90909090,0.0909,0.2998,80808080,0.0808,0.2665,30323232020,30.323
e3-1d,"core::ptr::drop_in_place<core::iter::adapters::flatten::FlatMap<alloc::vec::into_iter::IntoIter<alloc::string::String>,alloc::vec::Vec<u8>,<tokenizers::pre_tokenizers::byte_level::ByteLevel as tokenizers::tokenizer::Decoder>::decode_chain::{{closure}}>>",rust-stdlib-or-dep,90909090,0.0909,0.2998,80808080,0.0808,0.2665,30323232020,30.323
e3-1d,pyo3::types::tuple::<impl core::iter::traits::collect::IntoIterator for pyo3::instance::Bound<pyo3::types::tuple::PyTuple>>::into_iter,cpython,90909090,0.0909,0.2998,30303030,0.0303,0.0999,30323232020,30.323
e3-1d,PyDict_GetItemWithError,cpython,90909090,0.0909,0.2998,20202020,0.0202,0.0666,30323232020,30.323
e3-1d,_Py_module_getattro,cpython,90909090,0.0909,0.2998,0,0.0,0.0,30323232020,30.323
e3-1d,Struct_dealloc_nogc,other,90909090,0.0909,0.2998,20202020,0.0202,0.0666,30323232020,30.323
e3-1d,PyIter_Next,cpython,90909090,0.0909,0.2998,30303030,0.0303,0.0999,30323232020,30.323
e3-1d,<pyo3::pycell::impl_::BorrowChecker as pyo3::pycell::impl_::PyClassBorrowChecker>::try_borrow_mut,cpython,80808080,0.0808,0.2665,80808080,0.0808,0.2665,30323232020,30.323
e3-1d,_Py_dict_lookup,cpython,80808080,0.0808,0.2665,20202020,0.0202,0.0666,30323232020,30.323
e3-1d,_PyObject_MakeTpCall,cpython,80808080,0.0808,0.2665,0,0.0,0.0,30323232020,30.323
e3-1d,_PyFunction_Vectorcall,cpython,80808080,0.0808,0.2665,60606060,0.0606,0.1999,30323232020,30.323
e3-1d,Py_DecRef,cpython,70707070,0.0707,0.2332,0,0.0,0.0,30323232020,30.323
e3-1d,PyObject_Malloc,cpython,70707070,0.0707,0.2332,70707070,0.0707,0.2332,30323232020,30.323
e3-1d,_PyThreadState_PushFrame,cpython,70707070,0.0707,0.2332,70707070,0.0707,0.2332,30323232020,30.323
e3-1d,maybe_freelist_pop,other,70707070,0.0707,0.2332,70707070,0.0707,0.2332,30323232020,30.323
e3-1d,tuple_alloc,other,70707070,0.0707,0.2332,0,0.0,0.0,30323232020,30.323
e3-1d,_copy_characters,other,70707070,0.0707,0.2332,40404040,0.0404,0.1332,30323232020,30.323
e3-1d,_Py_NewReference,cpython,70707070,0.0707,0.2332,50505050,0.0505,0.1666,30323232020,30.323
e3-1d,_PyObject_LookupAttr,cpython,70707070,0.0707,0.2332,10101010,0.0101,0.0333,30323232020,30.323
e3-1d,<T as pyo3::conversion::FromPyObjectBound>::from_py_object_bound,cpython,60606060,0.0606,0.1999,10101010,0.0101,0.0333,30323232020,30.323
e3-1d,_PyGCHead_SET_NEXT,cpython,60606060,0.0606,0.1999,60606060,0.0606,0.1999,30323232020,30.323
e3-1d,_PyFrame_Initialize,cpython,60606060,0.0606,0.1999,50505050,0.0505,0.1666,30323232020,30.323
e3-1d,subtype_dealloc,other,60606060,0.0606,0.1999,10101010,0.0101,0.0333,30323232020,30.323
e3-1d,long_dealloc,other,60606060,0.0606,0.1999,60606060,0.0606,0.1999,30323232020,30.323
e3-1d,list_extend,other,60606060,0.0606,0.1999,10101010,0.0101,0.0333,30323232020,30.323
e3-1d,list___init___impl,other,60606060,0.0606,0.1999,0,0.0,0.0,30323232020,30.323
e3-1d,list_vectorcall,other,60606060,0.0606,0.1999,0,0.0,0.0,30323232020,30.323
e3-1d,read_u16,other,60606060,0.0606,0.1999,60606060,0.0606,0.1999,30323232020,30.323
e3-1d,PySlice_AdjustIndices,cpython,60606060,0.0606,0.1999,60606060,0.0606,0.1999,30323232020,30.323
e3-1d,_PyNumber_Index,cpython,60606060,0.0606,0.1999,60606060,0.0606,0.1999,30323232020,30.323
e3-1d,pyo3::impl_::trampoline::trampoline,other,60606060,0.0606,0.1999,50505050,0.0505,0.1666,30323232020,30.323
e3-1d,pyo3::internal::state::AttachGuard::assume,other,60606060,0.0606,0.1999,60606060,0.0606,0.1999,30323232020,30.323
e3-1d,listiter_next,other,60606060,0.0606,0.1999,10101010,0.0101,0.0333,30323232020,30.323
e3-1d,<pyo3::pycell::impl_::BorrowChecker as pyo3::pycell::impl_::PyClassBorrowChecker>::try_borrow,cpython,50505050,0.0505,0.1666,50505050,0.0505,0.1666,30323232020,30.323
e3-1d,PyType_GetFlags,cpython,50505050,0.0505,0.1666,50505050,0.0505,0.1666,30323232020,30.323
e3-1d,unicodekeys_lookup_unicode,other,50505050,0.0505,0.1666,50505050,0.0505,0.1666,30323232020,30.323
e3-1d,_PyInterpreterState_Main,cpython,50505050,0.0505,0.1666,50505050,0.0505,0.1666,30323232020,30.323
e3-1d,_Py_IsMainInterpreter,cpython,50505050,0.0505,0.1666,0,0.0,0.0,30323232020,30.323
e3-1d,PyObject_Free,cpython,50505050,0.0505,0.1666,50505050,0.0505,0.1666,30323232020,30.323
e3-1d,_PyVectorcall_FunctionInline,cpython,50505050,0.0505,0.1666,40404040,0.0404,0.1332,30323232020,30.323
e3-1d,PyObject_SetAttr,cpython,50505050,0.0505,0.1666,0,0.0,0.0,30323232020,30.323
e3-1d,_PyObject_GenericSetAttrWithDict,cpython,50505050,0.0505,0.1666,20202020,0.0202,0.0666,30323232020,30.323
e3-1d,_PyTrash_begin,cpython,50505050,0.0505,0.1666,50505050,0.0505,0.1666,30323232020,30.323
e3-1d,unicode_dealloc,other,50505050,0.0505,0.1666,40404040,0.0404,0.1332,30323232020,30.323
e3-1d,slice_dealloc,other,50505050,0.0505,0.1666,20202020,0.0202,0.0666,30323232020,30.323
e3-1d,_PyTrash_end,cpython,40404040,0.0404,0.1332,30303030,0.0303,0.0999,30323232020,30.323
e3-1d,PyErr_Format,cpython,40404040,0.0404,0.1332,0,0.0,0.0,30323232020,30.323
e3-1d,_PyErr_FormatV,cpython,40404040,0.0404,0.1332,0,0.0,0.0,30323232020,30.323
e3-1d,PyUnicode_DATA,cpython,40404040,0.0404,0.1332,10101010,0.0101,0.0333,30323232020,30.323
e3-1d,type_call,other,40404040,0.0404,0.1332,0,0.0,0.0,30323232020,30.323
e3-1d,Struct_vectorcall,other,40404040,0.0404,0.1332,30303030,0.0303,0.0999,30323232020,30.323
e3-1d,Py_TYPE,cpython,40404040,0.0404,0.1332,40404040,0.0404,0.1332,30323232020,30.323
e3-1d,_PyObject_Init,cpython,40404040,0.0404,0.1332,10101010,0.0101,0.0333,30323232020,30.323
e3-1d,PyObject_CallMethodObjArgs,cpython,40404040,0.0404,0.1332,0,0.0,0.0,30323232020,30.323
e3-1d,import_ensure_initialized,other,40404040,0.0404,0.1332,0,0.0,0.0,30323232020,30.323
e3-1d,_PyModuleSpec_IsInitializing,cpython,40404040,0.0404,0.1332,0,0.0,0.0,30323232020,30.323
e3-1d,listiter_dealloc,other,40404040,0.0404,0.1332,10101010,0.0101,0.0333,30323232020,30.323
e3-1d,_PyObject_FreeInstanceAttributes,cpython,40404040,0.0404,0.1332,0,0.0,0.0,30323232020,30.323
e3-1d,PyLong_AsSsize_t,cpython,40404040,0.0404,0.1332,30303030,0.0303,0.0999,30323232020,30.323
e3-1d,ascii_decode,other,40404040,0.0404,0.1332,40404040,0.0404,0.1332,30323232020,30.323
e3-1d,PyTuple_Size,cpython,40404040,0.0404,0.1332,10101010,0.0101,0.0333,30323232020,30.323
e3-1d,pyo3::types::tuple::BorrowedTupleIterator::get_item,other,40404040,0.0404,0.1332,10101010,0.0101,0.0333,30323232020,30.323
e3-1d,PyType_HasFeature,cpython,40404040,0.0404,0.1332,40404040,0.0404,0.1332,30323232020,30.323
e3-1d,PyFunction_NewWithQualName,cpython,30303030,0.0303,0.0999,10101010,0.0101,0.0333,30323232020,30.323
e3-1d,PyObject_CallOneArg,cpython,30303030,0.0303,0.0999,0,0.0,0.0,30323232020,30.323
e3-1d,PyUnicode_FromFormatV,cpython,30303030,0.0303,0.0999,0,0.0,0.0,30323232020,30.323
e3-1d,_PyUnicode_COMPACT_DATA,cpython,30303030,0.0303,0.0999,30303030,0.0303,0.0999,30323232020,30.323
e3-1d,_PyErr_SetObject,cpython,30303030,0.0303,0.0999,20202020,0.0202,0.0666,30323232020,30.323
e3-1d,_PyObject_GC_Link,cpython,30303030,0.0303,0.0999,30303030,0.0303,0.0999,30323232020,30.323
e3-1d,Struct_setattro_default,other,30303030,0.0303,0.0999,0,0.0,0.0,30323232020,30.323
e3-1d,_PyThreadState_UncheckedGet,cpython,30303030,0.0303,0.0999,10101010,0.0101,0.0333,30323232020,30.323
e3-1d,PyTraceBack_Here,cpython,30303030,0.0303,0.0999,10101010,0.0101,0.0333,30323232020,30.323
e3-1d,insert_to_usedpool,other,30303030,0.0303,0.0999,30303030,0.0303,0.0999,30323232020,30.323
e3-1d,_PySuper_Lookup,cpython,30303030,0.0303,0.0999,0,0.0,0.0,30323232020,30.323
e3-1d,builtin_all,other,30303030,0.0303,0.0999,0,0.0,0.0,30323232020,30.323
e3-1d,_PyObject_GetMethod,cpython,30303030,0.0303,0.0999,0,0.0,0.0,30323232020,30.323
e3-1d,_PyTrash_cond@plt,cpython,30303030,0.0303,0.0999,30303030,0.0303,0.0999,30323232020,30.323
e3-1d,pymalloc_pool_extend,other,30303030,0.0303,0.0999,30303030,0.0303,0.0999,30323232020,30.323
e3-1d,__rustc::__rdl_realloc,other,30303030,0.0303,0.0999,30303030,0.0303,0.0999,30323232020,30.323
e3-1d,PyTuple_GetItem,cpython,30303030,0.0303,0.0999,20202020,0.0202,0.0666,30323232020,30.323
e3-1d,schedule_[k],other,20202020,0.0202,0.0666,0,0.0,0.0,30323232020,30.323
e3-1d,__schedule_[k],other,20202020,0.0202,0.0666,0,0.0,0.0,30323232020,30.323
e3-1d,do_syscall_64_[k],other,20202020,0.0202,0.0666,0,0.0,0.0,30323232020,30.323
e3-1d,entry_SYSCALL_64_after_hwframe_[k],other,20202020,0.0202,0.0666,0,0.0,0.0,30323232020,30.323
e3-1d,finish_task_switch.isra.0_[k],other,20202020,0.0202,0.0666,20202020,0.0202,0.0666,30323232020,30.323
e3-1d,BaseException_dealloc,other,20202020,0.0202,0.0666,0,0.0,0.0,30323232020,30.323
e3-1d,BaseException_clear,other,20202020,0.0202,0.0666,0,0.0,0.0,30323232020,30.323
e3-1d,PyObject_Free@plt,cpython,20202020,0.0202,0.0666,20202020,0.0202,0.0666,30323232020,30.323
e3-1d,_PyUnicodeWriter_WriteASCIIString,cpython,20202020,0.0202,0.0666,0,0.0,0.0,30323232020,30.323
e3-1d,_PyUnicodeWriter_PrepareInternal,cpython,20202020,0.0202,0.0666,0,0.0,0.0,30323232020,30.323
e3-1d,_PyType_GetDict,cpython,20202020,0.0202,0.0666,20202020,0.0202,0.0666,30323232020,30.323
e3-1d,_PyType_IsReady,cpython,20202020,0.0202,0.0666,0,0.0,0.0,30323232020,30.323
e3-1d,set_attribute_error_context,other,20202020,0.0202,0.0666,0,0.0,0.0,30323232020,30.323
e3-1d,_PyEval_EvalFrame,cpython,20202020,0.0202,0.0666,20202020,0.0202,0.0666,30323232020,30.323
e3-1d,_PyThreadState_GET,cpython,20202020,0.0202,0.0666,0,0.0,0.0,30323232020,30.323
e3-1d,time_perf_counter,other,20202020,0.0202,0.0666,0,0.0,0.0,30323232020,30.323
e3-1d,cfunction_vectorcall_NOARGS,other,20202020,0.0202,0.0666,0,0.0,0.0,30323232020,30.323
e3-1d,get_perf_counter,other,20202020,0.0202,0.0666,10101010,0.0101,0.0333,30323232020,30.323
e3-1d,_Py_Dealloc,cpython,20202020,0.0202,0.0666,20202020,0.0202,0.0666,30323232020,30.323
e3-1d,current_fast_get,other,20202020,0.0202,0.0666,10101010,0.0101,0.0333,30323232020,30.323
e3-1d,_PyTrash_cond,cpython,20202020,0.0202,0.0666,20202020,0.0202,0.0666,30323232020,30.323
e3-1d,maybe_freelist_push,other,20202020,0.0202,0.0666,0,0.0,0.0,30323232020,30.323
e3-1d,_PyTraceBack_FromFrame,cpython,20202020,0.0202,0.0666,10101010,0.0101,0.0333,30323232020,30.323
e3-1d,Py_SET_TYPE,cpython,20202020,0.0202,0.0666,20202020,0.0202,0.0666,30323232020,30.323
e3-1d,ensure_unicode,other,20202020,0.0202,0.0666,20202020,0.0202,0.0666,30323232020,30.323
e3-1d,new_reference,other,20202020,0.0202,0.0666,20202020,0.0202,0.0666,30323232020,30.323
e3-1d,_PyFrame_GetStackPointer,cpython,20202020,0.0202,0.0666,20202020,0.0202,0.0666,30323232020,30.323
e3-1d,_PyFrame_StackPush,cpython,20202020,0.0202,0.0666,20202020,0.0202,0.0666,30323232020,30.323
e3-1d,_PyLong_CompactValue,cpython,20202020,0.0202,0.0666,20202020,0.0202,0.0666,30323232020,30.323
e3-1d,long_new,other,20202020,0.0202,0.0666,0,0.0,0.0,30323232020,30.323
e3-1d,_PyUnicode_TransformDecimalAndSpaceToASCII,cpython,20202020,0.0202,0.0666,20202020,0.0202,0.0666,30323232020,30.323
e3-1d,PyLong_FromUnicodeObject,cpython,20202020,0.0202,0.0666,0,0.0,0.0,30323232020,30.323
e3-1d,long_new_impl,other,20202020,0.0202,0.0666,0,0.0,0.0,30323232020,30.323
e3-1d,do_super_lookup,other,20202020,0.0202,0.0666,10101010,0.0101,0.0333,30323232020,30.323
e3-1d,_PyUnicode_ExactDealloc,cpython,20202020,0.0202,0.0666,0,0.0,0.0,30323232020,30.323
e3-1d,_PyErr_Occurred,cpython,20202020,0.0202,0.0666,20202020,0.0202,0.0666,30323232020,30.323
e3-1d,gen_iternext,other,20202020,0.0202,0.0666,10101010,0.0101,0.0333,30323232020,30.323
e3-1d,_PyObject_GetInstanceAttribute,cpython,20202020,0.0202,0.0666,0,0.0,0.0,30323232020,30.323
e3-1d,Py_XINCREF,cpython,20202020,0.0202,0.0666,20202020,0.0202,0.0666,30323232020,30.323
e3-1d,_Py_XNewRef,cpython,20202020,0.0202,0.0666,0,0.0,0.0,30323232020,30.323
e3-1d,_PyGCHead_PREV,cpython,20202020,0.0202,0.0666,20202020,0.0202,0.0666,30323232020,30.323
e3-1d,PyUnicode_IS_COMPACT_ASCII,cpython,20202020,0.0202,0.0666,20202020,0.0202,0.0666,30323232020,30.323
e3-1d,<pyo3::internal::state::AttachGuard as core::ops::drop::Drop>::drop,other,20202020,0.0202,0.0666,20202020,0.0202,0.0666,30323232020,30.323
e3-1d,PyUnicode_FromStringAndSize,cpython,20202020,0.0202,0.0666,20202020,0.0202,0.0666,30323232020,30.323
e3-1d,do_nanosleep_[k],other,10101010,0.0101,0.0333,0,0.0,0.0,30323232020,30.323
e3-1d,__x64_sys_clock_nanosleep_[k],other,10101010,0.0101,0.0333,0,0.0,0.0,30323232020,30.323
e3-1d,PlogFlush,other,10101010,0.0101,0.0333,0,0.0,0.0,30323232020,30.323
e3-1d,hrtimer_nanosleep_[k],other,10101010,0.0101,0.0333,0,0.0,0.0,30323232020,30.323
e3-1d,common_nsleep_[k],other,10101010,0.0101,0.0333,0,0.0,0.0,30323232020,30.323
e3-1d,[libpython3.12.so.1.0],shared-lib,10101010,0.0101,0.0333,0,0.0,0.0,30323232020,30.323
e3-1d,<pyo3::instance::Bound<pyo3::types::tuple::PyTuple> as pyo3::types::tuple::PyTupleMethods>::len,cpython,10101010,0.0101,0.0333,10101010,0.0101,0.0333,30323232020,30.323
e3-1d,<pyo3::pybacked::PyBackedStr as pyo3::conversion::FromPyObject>::extract_bound,cpython,10101010,0.0101,0.0333,0,0.0,0.0,30323232020,30.323
e3-1d,_PyLong_IsCompact,cpython,10101010,0.0101,0.0333,10101010,0.0101,0.0333,30323232020,30.323
e3-1d,tb_dealloc,other,10101010,0.0101,0.0333,0,0.0,0.0,30323232020,30.323
e3-1d,PyDict_Contains,cpython,10101010,0.0101,0.0333,0,0.0,0.0,30323232020,30.323
e3-1d,dictkeys_generic_lookup,other,10101010,0.0101,0.0333,10101010,0.0101,0.0333,30323232020,30.323
e3-1d,_PyEval_BuiltinsFromGlobals,cpython,10101010,0.0101,0.0333,0,0.0,0.0,30323232020,30.323
e3-1d,get_gc_state,other,10101010,0.0101,0.0333,0,0.0,0.0,30323232020,30.323
e3-1d,resize_compact,other,10101010,0.0101,0.0333,0,0.0,0.0,30323232020,30.323
e3-1d,_PyUnicodeWriter_Finish,cpython,10101010,0.0101,0.0333,0,0.0,0.0,30323232020,30.323
e3-1d,PyObject_Realloc,cpython,10101010,0.0101,0.0333,10101010,0.0101,0.0333,30323232020,30.323
e3-1d,_PyUnicodeWriter_Update,cpython,10101010,0.0101,0.0333,0,0.0,0.0,30323232020,30.323
e3-1d,_PyErr_CreateException,cpython,10101010,0.0101,0.0333,0,0.0,0.0,30323232020,30.323
e3-1d,AttributeError_init,other,10101010,0.0101,0.0333,10101010,0.0101,0.0333,30323232020,30.323
e3-1d,_PyType_Lookup,cpython,10101010,0.0101,0.0333,10101010,0.0101,0.0333,30323232020,30.323
e3-1d,_Py_slot_tp_getattr_hook,cpython,10101010,0.0101,0.0333,0,0.0,0.0,30323232020,30.323
e3-1d,PyObject_GetItem,cpython,10101010,0.0101,0.0333,10101010,0.0101,0.0333,30323232020,30.323
e3-1d,PyObject_IsInstance,cpython,10101010,0.0101,0.0333,10101010,0.0101,0.0333,30323232020,30.323
e3-1d,PyObject_IsTrue@plt,cpython,10101010,0.0101,0.0333,10101010,0.0101,0.0333,30323232020,30.323
e3-1d,PyMember_SetOne,cpython,10101010,0.0101,0.0333,10101010,0.0101,0.0333,30323232020,30.323
e3-1d,PyObject_CallNoArgs,cpython,10101010,0.0101,0.0333,10101010,0.0101,0.0333,30323232020,30.323
e3-1d,_PyTime_GetMonotonicClockWithInfo@plt,cpython,10101010,0.0101,0.0333,10101010,0.0101,0.0333,30323232020,30.323
e3-1d,_PyTrash_clear_state,cpython,10101010,0.0101,0.0333,10101010,0.0101,0.0333,30323232020,30.323
e3-1d,PyUnstable_Code_GetExtra@plt,cpython,10101010,0.0101,0.0333,10101010,0.0101,0.0333,30323232020,30.323
e3-1d,_PyObject_SIZE,cpython,10101010,0.0101,0.0333,10101010,0.0101,0.0333,30323232020,30.323
e3-1d,tb_create_raw,other,10101010,0.0101,0.0333,0,0.0,0.0,30323232020,30.323
e3-1d,_PyMem_RawMalloc,cpython,10101010,0.0101,0.0333,10101010,0.0101,0.0333,30323232020,30.323
e3-1d,_PyUnicode_FastCopyCharacters,cpython,10101010,0.0101,0.0333,10101010,0.0101,0.0333,30323232020,30.323
e3-1d,PyObject_GC_UnTrack@plt,cpython,10101010,0.0101,0.0333,10101010,0.0101,0.0333,30323232020,30.323
e3-1d,_Py_AS_GC,cpython,10101010,0.0101,0.0333,10101010,0.0101,0.0333,30323232020,30.323
e3-1d,_PyErr_SetKeyError,cpython,10101010,0.0101,0.0333,0,0.0,0.0,30323232020,30.323
e3-1d,clear_gen_frame,other,10101010,0.0101,0.0333,0,0.0,0.0,30323232020,30.323
e3-1d,func_dealloc,other,10101010,0.0101,0.0333,0,0.0,0.0,30323232020,30.323
e3-1d,func_clear,other,10101010,0.0101,0.0333,0,0.0,0.0,30323232020,30.323
e3-1d,_PyFrame_MakeAndSetFrameObject,cpython,10101010,0.0101,0.0333,0,0.0,0.0,30323232020,30.323
e3-1d,_PyFrame_GetFrameObject,cpython,10101010,0.0101,0.0333,0,0.0,0.0,30323232020,30.323
e3-1d,_PyFrame_New_NoTrack,cpython,10101010,0.0101,0.0333,10101010,0.0101,0.0333,30323232020,30.323
e3-1d,_PyList_AppendTakeRef,cpython,10101010,0.0101,0.0333,10101010,0.0101,0.0333,30323232020,30.323
e3-1d,PyMem_Calloc,cpython,10101010,0.0101,0.0333,10101010,0.0101,0.0333,30323232020,30.323
e3-1d,get_list_state,other,10101010,0.0101,0.0333,0,0.0,0.0,30323232020,30.323
e3-1d,_PyLong_Add,cpython,10101010,0.0101,0.0333,0,0.0,0.0,30323232020,30.323
e3-1d,dictkeys_decref,other,10101010,0.0101,0.0333,0,0.0,0.0,30323232020,30.323
e3-1d,free_keys_object,other,10101010,0.0101,0.0333,0,0.0,0.0,30323232020,30.323
e3-1d,dict_dealloc,other,10101010,0.0101,0.0333,0,0.0,0.0,30323232020,30.323
e3-1d,slot_tp_init,other,10101010,0.0101,0.0333,0,0.0,0.0,30323232020,30.323
e3-1d,_PyObject_FastCallDictTstate,cpython,10101010,0.0101,0.0333,0,0.0,0.0,30323232020,30.323
e3-1d,_PyObject_Call_Prepend,cpython,10101010,0.0101,0.0333,0,0.0,0.0,30323232020,30.323
e3-1d,_super_lookup_descr,other,10101010,0.0101,0.0333,0,0.0,0.0,30323232020,30.323
e3-1d,supercheck,other,10101010,0.0101,0.0333,0,0.0,0.0,30323232020,30.323
e3-1d,PyType_IsSubtype,cpython,10101010,0.0101,0.0333,10101010,0.0101,0.0333,30323232020,30.323
e3-1d,_PyThreadState_PopFrame,cpython,10101010,0.0101,0.0333,10101010,0.0101,0.0333,30323232020,30.323
e3-1d,_Py_EnterRecursiveCallTstate,cpython,10101010,0.0101,0.0333,0,0.0,0.0,30323232020,30.323
e3-1d,_Py_MakeRecCheck,cpython,10101010,0.0101,0.0333,10101010,0.0101,0.0333,30323232020,30.323
e3-1d,_Py_EnterRecursivePy,cpython,10101010,0.0101,0.0333,10101010,0.0101,0.0333,30323232020,30.323
e3-1d,_Py_MakeCoro,cpython,10101010,0.0101,0.0333,10101010,0.0101,0.0333,30323232020,30.323
e3-1d,PyObject_GetIter@plt,cpython,10101010,0.0101,0.0333,10101010,0.0101,0.0333,30323232020,30.323
e3-1d,gen_send_ex2,other,10101010,0.0101,0.0333,10101010,0.0101,0.0333,30323232020,30.323
e3-1d,do_raise,other,10101010,0.0101,0.0333,0,0.0,0.0,30323232020,30.323
e3-1d,object_vacall,other,10101010,0.0101,0.0333,0,0.0,0.0,30323232020,30.323
e3-1d,import_get_module,other,10101010,0.0101,0.0333,0,0.0,0.0,30323232020,30.323
e3-1d,_PyLong_AsInt,cpython,10101010,0.0101,0.0333,0,0.0,0.0,30323232020,30.323
e3-1d,do_richcompare,other,10101010,0.0101,0.0333,10101010,0.0101,0.0333,30323232020,30.323
e3-1d,PyObject_RichCompareBool,cpython,10101010,0.0101,0.0333,0,0.0,0.0,30323232020,30.323
e3-1d,list_contains,other,10101010,0.0101,0.0333,0,0.0,0.0,30323232020,30.323
e3-1d,PyObject_RichCompare,cpython,10101010,0.0101,0.0333,0,0.0,0.0,30323232020,30.323
e3-1d,_PyThreadState_UncheckedGet@plt,cpython,10101010,0.0101,0.0333,10101010,0.0101,0.0333,30323232020,30.323
e3-1d,make_gen,other,10101010,0.0101,0.0333,0,0.0,0.0,30323232020,30.323
e3-1d,_PyObject_GC_NewVar,cpython,10101010,0.0101,0.0333,0,0.0,0.0,30323232020,30.323
e3-1d,object_isinstance,other,10101010,0.0101,0.0333,0,0.0,0.0,30323232020,30.323
e3-1d,lookup_method,other,10101010,0.0101,0.0333,0,0.0,0.0,30323232020,30.323
e3-1d,lookup_maybe_method,other,10101010,0.0101,0.0333,0,0.0,0.0,30323232020,30.323
e3-1d,slot_mp_subscript,other,10101010,0.0101,0.0333,0,0.0,0.0,30323232020,30.323
e3-1d,vectorcall_method,other,10101010,0.0101,0.0333,0,0.0,0.0,30323232020,30.323
e3-1d,_PyType_HasFeature,cpython,10101010,0.0101,0.0333,10101010,0.0101,0.0333,30323232020,30.323
e3-1d,PyUnicode_AsUTF8AndSize,cpython,10101010,0.0101,0.0333,0,0.0,0.0,30323232020,30.323
e3-1d,unicode_encode,other,10101010,0.0101,0.0333,0,0.0,0.0,30323232020,30.323
e3-1d,_PyIndex_Check,cpython,10101010,0.0101,0.0333,10101010,0.0101,0.0333,30323232020,30.323
e3-1d,_PyLong_DigitCount,cpython,10101010,0.0101,0.0333,10101010,0.0101,0.0333,30323232020,30.323
e3-1d,PyNumber_AsSsize_t@plt,cpython,10101010,0.0101,0.0333,10101010,0.0101,0.0333,30323232020,30.323
e3-1d,PyUnicode_Substring,cpython,10101010,0.0101,0.0333,10101010,0.0101,0.0333,30323232020,30.323
e3-1d,get_latin1_char,other,10101010,0.0101,0.0333,10101010,0.0101,0.0333,30323232020,30.323
e3-1d,unicode_result_unchanged,other,10101010,0.0101,0.0333,0,0.0,0.0,30323232020,30.323
e3-1d,__rustc::__rust_realloc,other,10101010,0.0101,0.0333,10101010,0.0101,0.0333,30323232020,30.323
e3-1d,asm_sysvec_apic_timer_interrupt_[k],other,10101010,0.0101,0.0333,0,0.0,0.0,30323232020,30.323
e3-1d,irqentry_exit_[k],other,10101010,0.0101,0.0333,0,0.0,0.0,30323232020,30.323
e3-1d,_raw_spin_unlock_irqrestore_[k],other,10101010,0.0101,0.0333,10101010,0.0101,0.0333,30323232020,30.323
e3-1d,anon_pipe_write_[k],other,10101010,0.0101,0.0333,0,0.0,0.0,30323232020,30.323
e3-1d,ksys_write_[k],other,10101010,0.0101,0.0333,0,0.0,0.0,30323232020,30.323
e3-1d,vfs_write_[k],other,10101010,0.0101,0.0333,0,0.0,0.0,30323232020,30.323
e3-1d,pyo3::types::iterator::PyIterator::from_object,cpython,10101010,0.0101,0.0333,0,0.0,0.0,30323232020,30.323
e3-1d,_PyGCHead_NEXT,cpython,10101010,0.0101,0.0333,10101010,0.0101,0.0333,30323232020,30.323
e3-1d,<CLASS TOTAL> cpython,cpython,,,,10393939290,10.3939,34.2771,30323232020,30.323
e3-1d,<CLASS TOTAL> rust-stdlib-or-dep,rust-stdlib-or-dep,,,,7909090830,7.9091,26.0826,30323232020,30.323
e3-1d,<CLASS TOTAL> other,other,,,,4858585810,4.8586,16.0227,30323232020,30.323
e3-1d,<CLASS TOTAL> rust-tokenizers,rust-tokenizers,,,,4121212080,4.1212,13.5909,30323232020,30.323
e3-1d,<CLASS TOTAL> shared-lib,shared-lib,,,,2696969670,2.697,8.8941,30323232020,30.323
e3-1d,<CLASS TOTAL> libc-alloc-mem,libc-alloc-mem,,,,343434340,0.3434,1.1326,30323232020,30.323
